environment,obstacleTrain,obstacleTest,seedTraining,seedTesting,score,success
half_cheetah,0,0,0,9,728.114,3.0
half_cheetah,0,0,1,4,795.749,3.0
half_cheetah,0,0,0,0,539.777,2.0
half_cheetah,0,0,0,1,659.073,3.0
half_cheetah,0,0,1,3,686.465,3.0
half_cheetah,0,0,1,0,730.484,3.0
half_cheetah,0,0,0,5,117.353,0.0
half_cheetah,0,0,0,8,341.212,1.0
half_cheetah,0,0,0,6,834.748,4.0
half_cheetah,0,0,1,1,637.042,3.0
half_cheetah,0,0,0,4,657.557,3.0
half_cheetah,0,0,0,2,651.607,3.0
half_cheetah,0,0,0,7,544.538,2.0
half_cheetah,0,0,0,3,669.286,3.0
half_cheetah,0,0,1,2,999.157,4.0
half_cheetah,0,0,1,5,694.983,3.0
half_cheetah,0,0,1,8,587.945,2.0
half_cheetah,0,0,2,0,86.3746,0.0
half_cheetah,0,0,1,6,720.147,3.0
half_cheetah,0,0,2,1,666.646,3.0
half_cheetah,0,0,1,9,527.591,2.0
half_cheetah,0,0,2,3,91.0543,0.0
half_cheetah,0,0,1,7,719.788,3.0
half_cheetah,0,0,2,6,479.071,2.0
half_cheetah,0,0,2,4,534.664,2.0
half_cheetah,0,0,2,5,309.319,1.0
half_cheetah,0,0,2,9,447.815,2.0
half_cheetah,0,0,3,1,657.873,3.0
half_cheetah,0,0,2,2,715.71,3.0
half_cheetah,0,0,3,0,945.503,4.0
half_cheetah,0,0,2,8,783.971,3.0
half_cheetah,0,0,2,7,767.25,3.0
half_cheetah,0,0,3,4,953.462,4.0
half_cheetah,0,0,3,2,1065.06,5.0
half_cheetah,0,0,3,3,880.561,4.0
half_cheetah,0,0,4,1,1124.99,5.0
half_cheetah,0,0,3,5,951.152,4.0
half_cheetah,0,0,3,7,844.344,4.0
half_cheetah,0,0,3,9,1322.88,6.0
half_cheetah,0,0,3,6,672.952,3.0
half_cheetah,0,0,4,4,1068.5,5.0
half_cheetah,0,0,3,8,901.091,4.0
half_cheetah,0,0,4,2,912.3,4.0
half_cheetah,0,0,4,6,1134.3,5.0
half_cheetah,0,0,4,0,1038.49,5.0
half_cheetah,0,0,4,7,1058.12,5.0
half_cheetah,0,0,4,5,893.855,4.0
half_cheetah,0,0,4,3,853.349,4.0
half_cheetah,0,0,4,8,924.469,4.0
half_cheetah,0,0,4,9,855.266,4.0
half_cheetah,0,1,0,0,42.8379,0.0
half_cheetah,0,1,0,1,75.5139,0.0
half_cheetah,0,1,0,3,58.0674,0.0
half_cheetah,0,1,0,4,29.8779,0.0
half_cheetah,0,1,0,2,74.4623,0.0
half_cheetah,0,1,0,9,73.6842,0.0
half_cheetah,0,1,0,5,24.4568,0.0
half_cheetah,0,1,1,1,68.1737,0.0
half_cheetah,0,1,0,8,65.9051,0.0
half_cheetah,0,1,1,0,52.3197,0.0
half_cheetah,0,1,0,7,58.7125,0.0
half_cheetah,0,1,0,6,56.087,0.0
half_cheetah,0,1,1,3,78.7993,0.0
half_cheetah,0,1,1,2,60.4368,0.0
half_cheetah,0,1,1,4,66.9565,0.0
half_cheetah,0,1,2,9,62.0191,0.0
half_cheetah,0,1,1,9,69.149,0.0
half_cheetah,0,1,1,5,61.8751,0.0
half_cheetah,0,1,1,8,61.542,0.0
half_cheetah,0,1,1,6,45.3423,0.0
half_cheetah,0,1,2,1,73.107,0.0
half_cheetah,0,1,2,0,56.8739,0.0
half_cheetah,0,1,1,7,62.7828,0.0
half_cheetah,0,1,2,5,62.6428,0.0
half_cheetah,0,1,2,4,64.3406,0.0
half_cheetah,0,1,2,6,63.6423,0.0
half_cheetah,0,1,2,3,62.6278,0.0
half_cheetah,0,1,2,8,64.879,0.0
half_cheetah,0,1,2,2,70.7003,0.0
half_cheetah,0,1,2,7,58.5726,0.0
half_cheetah,0,1,3,0,65.0745,0.0
half_cheetah,0,1,3,1,71.8152,0.0
half_cheetah,0,1,3,4,56.0056,0.0
half_cheetah,0,1,3,2,65.9936,0.0
half_cheetah,0,1,4,0,55.1019,0.0
half_cheetah,0,1,3,5,63.4858,0.0
half_cheetah,0,1,3,9,69.3038,0.0
half_cheetah,0,1,3,3,40.9046,0.0
half_cheetah,0,1,4,1,47.2636,0.0
half_cheetah,0,1,3,7,55.6955,0.0
half_cheetah,0,1,3,6,50.8524,0.0
half_cheetah,0,1,4,3,53.9968,0.0
half_cheetah,0,1,3,8,71.2413,0.0
half_cheetah,0,1,4,2,65.8385,0.0
half_cheetah,0,1,4,5,60.0864,0.0
half_cheetah,0,1,4,4,65.2637,0.0
half_cheetah,0,1,4,6,53.3546,0.0
half_cheetah,0,1,4,9,59.8365,0.0
half_cheetah,0,2,0,0,123.377,0.0
half_cheetah,0,2,0,1,133.097,0.0
half_cheetah,0,1,4,7,62.1244,0.0
half_cheetah,0,1,4,8,71.7397,0.0
half_cheetah,0,2,0,2,156.593,0.0
half_cheetah,0,2,1,0,122.941,0.0
half_cheetah,0,2,0,3,43.4378,0.0
half_cheetah,0,2,0,4,125.468,0.0
half_cheetah,0,2,0,5,75.8196,0.0
half_cheetah,0,2,0,9,60.0795,0.0
half_cheetah,0,2,0,7,124.5,0.0
half_cheetah,0,2,0,8,69.1836,0.0
half_cheetah,0,2,1,1,144.608,0.0
half_cheetah,0,2,0,6,64.3627,0.0
half_cheetah,0,2,1,2,150.183,0.0
half_cheetah,0,2,1,4,98.5039,0.0
half_cheetah,0,2,1,3,116.539,0.0
half_cheetah,0,2,1,5,135.747,0.0
half_cheetah,0,2,1,6,138.98,0.0
half_cheetah,0,2,2,0,127.733,0.0
half_cheetah,0,2,1,8,144.88,0.0
half_cheetah,0,2,2,4,122.836,0.0
half_cheetah,0,2,2,3,124.078,0.0
half_cheetah,0,2,2,1,138.937,0.0
half_cheetah,0,2,1,9,147.24,0.0
half_cheetah,0,2,1,7,144.513,0.0
half_cheetah,0,2,2,6,116.683,0.0
half_cheetah,0,2,2,5,126.715,0.0
half_cheetah,0,2,2,2,140.298,0.0
half_cheetah,0,2,2,7,128.783,0.0
half_cheetah,0,2,2,9,148.897,0.0
half_cheetah,0,2,2,8,123.764,0.0
half_cheetah,0,2,3,1,140.688,0.0
half_cheetah,0,2,3,0,132.079,0.0
half_cheetah,0,2,3,9,132.729,0.0
half_cheetah,0,2,3,2,121.221,0.0
half_cheetah,0,2,3,6,148.244,0.0
half_cheetah,0,2,3,4,92.8005,0.0
half_cheetah,0,2,3,3,137.123,0.0
half_cheetah,0,2,3,5,125.194,0.0
half_cheetah,0,2,4,1,133.318,0.0
half_cheetah,0,2,3,7,60.3998,0.0
half_cheetah,0,2,3,8,30.3689,0.0
half_cheetah,0,2,4,0,104.664,0.0
half_cheetah,0,2,4,3,132.455,0.0
half_cheetah,0,2,4,2,131.319,0.0
half_cheetah,0,2,4,4,123.522,0.0
half_cheetah,0,2,4,6,130.959,0.0
half_cheetah,0,2,4,5,139.282,0.0
half_cheetah,0,2,4,7,134.844,0.0
half_cheetah,0,2,4,8,125.709,0.0
half_cheetah,0,2,4,9,137.787,0.0
half_cheetah,0,3,0,0,65.5887,0.0
half_cheetah,0,3,0,1,74.9966,0.0
half_cheetah,0,3,0,2,60.1094,0.0
half_cheetah,0,3,0,4,54.0008,0.0
half_cheetah,0,3,0,3,54.7116,0.0
half_cheetah,0,3,0,5,51.933,0.0
half_cheetah,0,3,0,6,51.2398,0.0
half_cheetah,0,3,0,9,76.6253,0.0
half_cheetah,0,3,0,8,53.1517,0.0
half_cheetah,0,3,0,7,49.1923,0.0
half_cheetah,0,3,1,0,52.3496,0.0
half_cheetah,0,3,1,1,61.2347,0.0
half_cheetah,0,3,1,2,67.0671,0.0
half_cheetah,0,3,1,4,467.714,2.0
half_cheetah,0,3,1,3,63.6136,0.0
half_cheetah,0,3,1,6,65.2813,0.0
half_cheetah,0,3,1,5,54.1288,0.0
half_cheetah,0,3,1,7,51.5151,0.0
half_cheetah,0,3,1,9,63.9083,0.0
half_cheetah,0,3,2,0,50.0687,0.0
half_cheetah,0,3,1,8,251.837,1.0
half_cheetah,0,3,2,1,61.994,0.0
half_cheetah,0,3,2,2,59.7725,0.0
half_cheetah,0,3,2,3,53.4423,0.0
half_cheetah,0,3,2,4,66.9212,0.0
half_cheetah,0,3,2,5,64.6599,0.0
half_cheetah,0,3,2,6,47.5674,0.0
half_cheetah,0,3,2,8,59.2719,0.0
half_cheetah,0,3,3,0,76.3105,0.0
half_cheetah,0,3,2,9,60.0528,0.0
half_cheetah,0,3,2,7,53.5887,0.0
half_cheetah,0,3,3,1,59.5572,0.0
half_cheetah,0,3,3,2,28.6757,0.0
half_cheetah,0,3,3,3,61.6613,0.0
half_cheetah,0,3,3,4,249.88,1.0
half_cheetah,0,3,3,6,54.8347,0.0
half_cheetah,0,3,3,5,240.397,1.0
half_cheetah,0,3,3,7,-10.8218,0.0
half_cheetah,0,3,3,9,256.241,1.0
half_cheetah,0,3,4,0,54.0748,0.0
half_cheetah,0,3,3,8,55.9565,0.0
half_cheetah,0,3,4,1,63.4157,0.0
half_cheetah,0,3,4,3,54.1407,0.0
half_cheetah,0,3,4,2,62.069,0.0
half_cheetah,0,3,4,4,58.1339,0.0
half_cheetah,0,3,4,5,52.7262,0.0
half_cheetah,0,3,4,6,55.3604,0.0
half_cheetah,0,4,0,0,40.3846,0.0
half_cheetah,0,3,4,7,49.4532,0.0
half_cheetah,0,3,4,9,64.6358,0.0
half_cheetah,0,4,0,1,30.1816,0.0
half_cheetah,0,3,4,8,59.088,0.0
half_cheetah,0,4,0,4,52.0258,0.0
half_cheetah,0,4,0,3,43.3782,0.0
half_cheetah,0,4,0,2,49.3276,0.0
half_cheetah,0,4,0,6,47.6735,0.0
half_cheetah,0,4,0,5,20.1953,0.0
half_cheetah,0,4,0,7,42.9094,0.0
half_cheetah,0,4,1,0,19.8614,0.0
half_cheetah,0,4,0,8,40.5331,0.0
half_cheetah,0,4,0,9,53.9669,0.0
half_cheetah,0,4,1,1,66.4849,0.0
half_cheetah,0,4,1,2,49.1031,0.0
half_cheetah,0,4,1,4,57.4614,0.0
half_cheetah,0,4,1,3,57.6118,0.0
half_cheetah,0,4,1,9,57.4958,0.0
half_cheetah,0,4,1,5,51.274,0.0
half_cheetah,0,4,1,6,22.4362,0.0
half_cheetah,0,4,1,7,45.2973,0.0
half_cheetah,0,4,2,0,46.0874,0.0
half_cheetah,0,4,1,8,37.5461,0.0
half_cheetah,0,4,2,1,52.9151,0.0
half_cheetah,0,4,2,2,55.5513,0.0
half_cheetah,0,4,2,3,43.8734,0.0
half_cheetah,0,4,2,4,42.144,0.0
half_cheetah,0,4,2,5,46.1949,0.0
half_cheetah,0,4,2,6,43.9662,0.0
half_cheetah,0,4,2,7,42.9211,0.0
half_cheetah,0,4,2,9,62.7905,0.0
half_cheetah,0,4,2,8,48.0953,0.0
half_cheetah,0,4,3,0,24.6864,0.0
half_cheetah,0,4,3,1,47.395,0.0
half_cheetah,0,4,3,5,41.5128,0.0
half_cheetah,0,4,3,3,54.1346,0.0
half_cheetah,0,4,3,4,37.0878,0.0
half_cheetah,0,4,3,6,38.1586,0.0
half_cheetah,0,4,3,2,57.8137,0.0
half_cheetah,0,4,3,7,38.8694,0.0
half_cheetah,0,4,3,8,40.3362,0.0
half_cheetah,0,4,3,9,59.4227,0.0
half_cheetah,0,4,4,0,22.1345,0.0
half_cheetah,0,4,4,1,27.7055,0.0
half_cheetah,0,4,4,3,56.6729,0.0
half_cheetah,0,4,4,4,23.1513,0.0
half_cheetah,0,4,4,6,18.5005,0.0
half_cheetah,0,4,4,2,29.3938,0.0
half_cheetah,0,4,4,5,19.3394,0.0
half_cheetah,0,4,4,7,18.2771,0.0
half_cheetah,1,0,0,0,71.7076,0.0
half_cheetah,0,4,4,8,30.7409,0.0
half_cheetah,0,4,4,9,31.9354,0.0
half_cheetah,1,0,0,1,81.0996,0.0
half_cheetah,1,0,0,2,77.5644,0.0
half_cheetah,1,0,0,3,73.7845,0.0
half_cheetah,1,0,0,4,77.2871,0.0
half_cheetah,1,0,0,5,67.5313,0.0
half_cheetah,1,0,0,6,71.1503,0.0
half_cheetah,1,0,0,7,72.1235,0.0
half_cheetah,1,0,0,8,77.4379,0.0
half_cheetah,1,0,0,9,85.0853,0.0
half_cheetah,1,0,1,0,65.6394,0.0
half_cheetah,1,0,1,1,73.5228,0.0
half_cheetah,1,0,1,2,75.555,0.0
half_cheetah,1,0,1,3,63.9717,0.0
half_cheetah,1,0,1,5,65.7443,0.0
half_cheetah,1,0,1,4,68.1574,0.0
half_cheetah,1,0,1,7,62.7061,0.0
half_cheetah,1,0,1,6,64.4289,0.0
half_cheetah,1,0,1,9,75.3201,0.0
half_cheetah,1,0,2,0,74.3272,0.0
half_cheetah,1,0,1,8,68.3669,0.0
half_cheetah,1,0,2,1,80.3034,0.0
half_cheetah,1,0,2,2,78.4952,0.0
half_cheetah,1,0,2,3,70.2425,0.0
half_cheetah,1,0,2,7,71.0786,0.0
half_cheetah,1,0,2,4,77.6372,0.0
half_cheetah,1,0,2,5,75.0741,0.0
half_cheetah,1,0,2,6,73.486,0.0
half_cheetah,1,0,2,9,82.2813,0.0
half_cheetah,1,0,2,8,79.4221,0.0
half_cheetah,1,0,3,1,77.6263,0.0
half_cheetah,1,0,3,0,70.4799,0.0
half_cheetah,1,0,3,3,69.2055,0.0
half_cheetah,1,0,3,2,89.0135,0.0
half_cheetah,1,0,3,4,76.9926,0.0
half_cheetah,1,0,3,5,70.8969,0.0
half_cheetah,1,0,3,7,66.3862,0.0
half_cheetah,1,0,3,6,62.2411,0.0
half_cheetah,1,0,3,8,73.1457,0.0
half_cheetah,1,0,3,9,80.3273,0.0
half_cheetah,1,0,4,0,62.7232,0.0
half_cheetah,1,0,4,1,76.1083,0.0
half_cheetah,1,0,4,2,81.6166,0.0
half_cheetah,1,0,4,3,72.3738,0.0
half_cheetah,1,0,4,7,71.2306,0.0
half_cheetah,1,0,4,4,73.3071,0.0
half_cheetah,1,0,4,6,75.715,0.0
half_cheetah,1,0,4,5,76.3905,0.0
half_cheetah,1,1,0,0,742.084,3.0
half_cheetah,1,0,4,9,85.6859,0.0
half_cheetah,1,0,4,8,73.3964,0.0
half_cheetah,1,1,0,1,832.809,4.0
half_cheetah,1,1,0,3,855.96,4.0
half_cheetah,1,1,0,2,842.045,4.0
half_cheetah,1,1,0,4,842.902,4.0
half_cheetah,1,1,0,5,745.225,3.0
half_cheetah,1,1,0,6,694.756,3.0
half_cheetah,1,1,0,7,855.9,4.0
half_cheetah,1,1,0,9,727.176,3.0
half_cheetah,1,1,1,0,1101.49,5.0
half_cheetah,1,1,0,8,688.084,3.0
half_cheetah,1,1,1,1,1093.8,5.0
half_cheetah,1,1,1,6,1104.46,5.0
half_cheetah,1,1,1,3,1193.68,5.0
half_cheetah,1,1,1,5,1095.76,5.0
half_cheetah,1,1,1,2,1106.27,5.0
half_cheetah,1,1,1,4,1092.12,5.0
half_cheetah,1,1,1,7,1111.28,5.0
half_cheetah,1,1,1,9,1120.32,5.0
half_cheetah,1,1,1,8,1138.2,5.0
half_cheetah,1,1,2,0,1707.64,8.0
half_cheetah,1,1,2,1,1682.53,8.0
half_cheetah,1,1,2,4,1693.36,8.0
half_cheetah,1,1,2,3,1634.46,8.0
half_cheetah,1,1,2,2,1653.03,8.0
half_cheetah,1,1,2,5,1730.03,8.0
half_cheetah,1,1,2,6,1707.1,8.0
half_cheetah,1,1,2,7,1701.68,8.0
half_cheetah,1,1,2,9,1656.64,8.0
half_cheetah,1,1,3,2,1220.34,6.0
half_cheetah,1,1,3,1,1137.22,5.0
half_cheetah,1,1,2,8,1640.25,8.0
half_cheetah,1,1,3,0,1168.93,5.0
half_cheetah,1,1,3,3,1152.63,5.0
half_cheetah,1,1,3,4,1147.85,5.0
half_cheetah,1,1,3,5,1168.46,5.0
half_cheetah,1,1,3,6,1169.97,5.0
half_cheetah,1,1,3,7,1171.29,5.0
half_cheetah,1,1,3,9,1095.48,5.0
half_cheetah,1,1,3,8,1168.68,5.0
half_cheetah,1,1,4,0,1663.7,8.0
half_cheetah,1,1,4,1,1703.3,8.0
half_cheetah,1,1,4,2,1703.22,8.0
half_cheetah,1,1,4,3,1699.78,8.0
half_cheetah,1,1,4,4,1672.57,8.0
half_cheetah,1,1,4,6,1714.17,8.0
half_cheetah,1,1,4,7,1558.02,7.0
half_cheetah,1,1,4,5,1695.21,8.0
half_cheetah,1,1,4,8,1523.5,7.0
half_cheetah,1,1,4,9,1688.16,8.0
half_cheetah,1,2,0,0,126.023,0.0
half_cheetah,1,2,0,1,122.416,0.0
half_cheetah,1,2,0,2,145.231,0.0
half_cheetah,1,2,0,4,130.796,0.0
half_cheetah,1,2,0,5,133.846,0.0
half_cheetah,1,2,0,3,141.253,0.0
half_cheetah,1,2,0,6,133.613,0.0
half_cheetah,1,2,0,8,31.6077,0.0
half_cheetah,1,2,0,9,143.685,0.0
half_cheetah,1,2,0,7,132.025,0.0
half_cheetah,1,2,1,0,-45.7737,0.0
half_cheetah,1,2,1,1,-243.351,0.0
half_cheetah,1,2,1,5,-27.375,0.0
half_cheetah,1,2,1,2,-420.97,0.0
half_cheetah,1,2,1,4,-356.875,0.0
half_cheetah,1,2,1,3,-179.603,0.0
half_cheetah,1,2,1,6,-402.581,0.0
half_cheetah,1,2,1,7,-259.275,0.0
half_cheetah,1,2,1,8,-65.6295,0.0
half_cheetah,1,2,2,1,139.577,0.0
half_cheetah,1,2,1,9,-118.723,0.0
half_cheetah,1,2,2,0,127.712,0.0
half_cheetah,1,2,2,2,137.345,0.0
half_cheetah,1,2,2,4,125.641,0.0
half_cheetah,1,2,2,3,132.144,0.0
half_cheetah,1,2,2,5,122.114,0.0
half_cheetah,1,2,2,6,141.265,0.0
half_cheetah,1,2,3,1,132.011,0.0
half_cheetah,1,2,2,7,119.724,0.0
half_cheetah,1,2,3,0,127.679,0.0
half_cheetah,1,2,2,8,131.229,0.0
half_cheetah,1,2,2,9,135.598,0.0
half_cheetah,1,2,3,2,141.209,0.0
half_cheetah,1,2,3,3,125.299,0.0
half_cheetah,1,2,3,4,125.082,0.0
half_cheetah,1,2,3,5,133.33,0.0
half_cheetah,1,2,3,6,119.283,0.0
half_cheetah,1,2,3,7,116.404,0.0
half_cheetah,1,2,3,9,136.021,0.0
half_cheetah,1,2,3,8,141.199,0.0
half_cheetah,1,2,4,1,137.489,0.0
half_cheetah,1,2,4,0,121.075,0.0
half_cheetah,1,2,4,5,128.149,0.0
half_cheetah,1,2,4,2,159.753,0.0
half_cheetah,1,2,4,4,126.556,0.0
half_cheetah,1,2,4,3,139.308,0.0
half_cheetah,1,2,4,6,129.964,0.0
half_cheetah,1,2,4,7,116.578,0.0
half_cheetah,1,2,4,9,148.088,0.0
half_cheetah,1,2,4,8,137.99,0.0
half_cheetah,1,3,0,0,50.0879,0.0
half_cheetah,1,3,0,1,57.3055,0.0
half_cheetah,1,3,0,2,59.1614,0.0
half_cheetah,1,3,0,4,65.4635,0.0
half_cheetah,1,3,0,3,47.826,0.0
half_cheetah,1,3,0,5,49.9648,0.0
half_cheetah,1,3,0,7,60.9009,0.0
half_cheetah,1,3,0,6,47.5324,0.0
half_cheetah,1,3,0,8,65.7821,0.0
half_cheetah,1,3,0,9,90.7464,0.0
half_cheetah,1,3,1,1,1.65187,0.0
half_cheetah,1,3,1,0,5.18592,0.0
half_cheetah,1,3,1,3,8.12604,0.0
half_cheetah,1,3,1,2,-108.992,0.0
half_cheetah,1,3,1,4,-10.3919,0.0
half_cheetah,1,3,1,5,4.83255,0.0
half_cheetah,1,3,1,6,-5.96076,0.0
half_cheetah,1,3,1,7,-2.60395,0.0
half_cheetah,1,3,1,8,-5.24569,0.0
half_cheetah,1,3,1,9,8.36916,0.0
half_cheetah,1,3,2,0,55.1343,0.0
half_cheetah,1,3,2,1,62.1003,0.0
half_cheetah,1,3,2,3,55.885,0.0
half_cheetah,1,3,2,2,60.9527,0.0
half_cheetah,1,3,2,5,62.1276,0.0
half_cheetah,1,3,2,4,60.2836,0.0
half_cheetah,1,3,2,6,54.6487,0.0
half_cheetah,1,3,2,7,51.7282,0.0
half_cheetah,1,3,2,9,65.7366,0.0
half_cheetah,1,3,2,8,53.5085,0.0
half_cheetah,1,3,3,0,65.4681,0.0
half_cheetah,1,3,3,1,74.2133,0.0
half_cheetah,1,3,3,3,52.046,0.0
half_cheetah,1,3,3,2,76.6134,0.0
half_cheetah,1,3,3,4,67.2753,0.0
half_cheetah,1,3,3,5,57.7769,0.0
half_cheetah,1,3,3,7,48.9039,0.0
half_cheetah,1,3,3,6,64.4454,0.0
half_cheetah,1,3,3,9,66.6694,0.0
half_cheetah,1,3,4,0,49.763,0.0
half_cheetah,1,3,4,1,64.8673,0.0
half_cheetah,1,3,3,8,53.8769,0.0
half_cheetah,1,3,4,3,64.3289,0.0
half_cheetah,1,3,4,2,74.8076,0.0
half_cheetah,1,3,4,4,61.123,0.0
half_cheetah,1,3,4,5,59.308,0.0
half_cheetah,1,3,4,6,59.7745,0.0
half_cheetah,1,3,4,7,54.8165,0.0
half_cheetah,1,3,4,8,70.6293,0.0
half_cheetah,1,3,4,9,64.8115,0.0
half_cheetah,1,4,0,0,58.4458,0.0
half_cheetah,1,4,0,1,62.6293,0.0
half_cheetah,1,4,0,4,57.0691,0.0
half_cheetah,1,4,0,3,52.5358,0.0
half_cheetah,1,4,0,2,62.8699,0.0
half_cheetah,1,4,0,5,54.4761,0.0
half_cheetah,1,4,0,7,51.2473,0.0
half_cheetah,1,4,0,6,54.1601,0.0
half_cheetah,1,4,0,8,31.6077,0.0
half_cheetah,1,4,1,1,27.9805,0.0
half_cheetah,1,4,0,9,64.6665,0.0
half_cheetah,1,4,1,0,50.4836,0.0
half_cheetah,1,4,1,2,30.9272,0.0
half_cheetah,1,4,1,3,44.4532,0.0
half_cheetah,1,4,1,5,40.491,0.0
half_cheetah,1,4,1,4,50.2452,0.0
half_cheetah,1,4,1,7,48.8466,0.0
half_cheetah,1,4,1,6,18.4579,0.0
half_cheetah,1,4,1,9,28.3076,0.0
half_cheetah,1,4,2,1,27.5054,0.0
half_cheetah,1,4,2,0,50.2836,0.0
half_cheetah,1,4,1,8,26.7137,0.0
half_cheetah,1,4,2,3,48.9634,0.0
half_cheetah,1,4,2,6,48.5656,0.0
half_cheetah,1,4,2,2,64.2715,0.0
half_cheetah,1,4,2,4,51.6716,0.0
half_cheetah,1,4,2,5,49.3446,0.0
half_cheetah,1,4,2,7,46.9875,0.0
half_cheetah,1,4,2,8,41.9535,0.0
half_cheetah,1,4,2,9,59.5399,0.0
half_cheetah,1,4,3,1,47.711,0.0
half_cheetah,1,4,3,0,26.6577,0.0
half_cheetah,1,4,3,4,50.2268,0.0
half_cheetah,1,4,3,2,51.9246,0.0
half_cheetah,1,4,3,3,42.9478,0.0
half_cheetah,1,4,3,5,29.1268,0.0
half_cheetah,1,4,3,6,22.7941,0.0
half_cheetah,1,4,3,7,18.6623,0.0
half_cheetah,1,4,4,1,46.1096,0.0
half_cheetah,1,4,3,9,51.7082,0.0
half_cheetah,1,4,4,0,33.8714,0.0
half_cheetah,1,4,3,8,70.8333,0.0
half_cheetah,1,4,4,2,49.6254,0.0
half_cheetah,1,4,4,3,38.1124,0.0
half_cheetah,1,4,4,4,23.8045,0.0
half_cheetah,1,4,4,5,38.8401,0.0
half_cheetah,1,4,4,6,18.7952,0.0
half_cheetah,1,4,4,7,18.1833,0.0
half_cheetah,1,4,4,9,49.9918,0.0
half_cheetah,2,0,0,1,68.3129,0.0
half_cheetah,2,0,0,2,83.8149,0.0
half_cheetah,2,0,0,0,61.6635,0.0
half_cheetah,1,4,4,8,53.2351,0.0
half_cheetah,2,0,0,3,71.4054,0.0
half_cheetah,2,0,0,5,69.517,0.0
half_cheetah,2,0,0,4,54.7641,0.0
half_cheetah,2,0,0,7,73.2483,0.0
half_cheetah,2,0,0,9,62.6884,0.0
half_cheetah,2,0,0,6,71.8917,0.0
half_cheetah,2,0,0,8,67.3871,0.0
half_cheetah,2,0,1,0,60.6504,0.0
half_cheetah,2,0,1,1,76.6183,0.0
half_cheetah,2,0,1,3,59.5117,0.0
half_cheetah,2,0,1,2,70.2513,0.0
half_cheetah,2,0,1,4,69.3658,0.0
half_cheetah,2,0,1,6,62.2097,0.0
half_cheetah,2,0,1,5,53.4122,0.0
half_cheetah,2,0,1,7,58.3623,0.0
half_cheetah,2,0,1,8,62.5063,0.0
half_cheetah,2,0,1,9,272.637,1.0
half_cheetah,2,0,2,1,75.1135,0.0
half_cheetah,2,0,2,0,59.8631,0.0
half_cheetah,2,0,2,4,66.3838,0.0
half_cheetah,2,0,2,2,28.8428,0.0
half_cheetah,2,0,2,3,54.2474,0.0
half_cheetah,2,0,2,5,54.3218,0.0
half_cheetah,2,0,2,6,62.5583,0.0
half_cheetah,2,0,2,7,65.1751,0.0
half_cheetah,2,0,2,9,77.9724,0.0
half_cheetah,2,0,3,0,61.0808,0.0
half_cheetah,2,0,2,8,40.2881,0.0
half_cheetah,2,0,3,1,68.6866,0.0
half_cheetah,2,0,3,3,62.8347,0.0
half_cheetah,2,0,3,2,82.3755,0.0
half_cheetah,2,0,3,4,65.4442,0.0
half_cheetah,2,0,3,5,62.7945,0.0
half_cheetah,2,0,3,6,62.1374,0.0
half_cheetah,2,0,3,7,63.5492,0.0
half_cheetah,2,0,4,0,67.2449,0.0
half_cheetah,2,0,3,9,72.9676,0.0
half_cheetah,2,0,3,8,90.9826,0.0
half_cheetah,2,0,4,1,55.8635,0.0
half_cheetah,2,0,4,2,67.6946,0.0
half_cheetah,2,0,4,3,46.1779,0.0
half_cheetah,2,0,4,4,69.3289,0.0
half_cheetah,2,0,4,5,66.3778,0.0
half_cheetah,2,0,4,6,49.5911,0.0
half_cheetah,2,0,4,7,47.5154,0.0
half_cheetah,2,1,0,0,47.2873,0.0
half_cheetah,2,0,4,9,72.4226,0.0
half_cheetah,2,0,4,8,46.4535,0.0
half_cheetah,2,1,0,1,63.1941,0.0
half_cheetah,2,1,0,2,67.0471,0.0
half_cheetah,2,1,0,3,54.0893,0.0
half_cheetah,2,1,0,4,58.099,0.0
half_cheetah,2,1,0,7,39.7573,0.0
half_cheetah,2,1,0,6,58.9127,0.0
half_cheetah,2,1,0,5,61.9316,0.0
half_cheetah,2,1,0,8,53.06,0.0
half_cheetah,2,1,0,9,71.1448,0.0
half_cheetah,2,1,1,0,84.8063,0.0
half_cheetah,2,1,1,1,94.1701,0.0
half_cheetah,2,1,1,2,93.391,0.0
half_cheetah,2,1,1,4,88.666,0.0
half_cheetah,2,1,1,3,77.6799,0.0
half_cheetah,2,1,1,7,77.4831,0.0
half_cheetah,2,1,1,6,78.3524,0.0
half_cheetah,2,1,1,5,78.4757,0.0
half_cheetah,2,1,1,9,94.129,0.0
half_cheetah,2,1,1,8,62.1673,0.0
half_cheetah,2,1,2,0,65.6504,0.0
half_cheetah,2,1,2,1,41.3223,0.0
half_cheetah,2,1,2,2,54.5141,0.0
half_cheetah,2,1,2,3,57.7539,0.0
half_cheetah,2,1,2,4,60.3888,0.0
half_cheetah,2,1,2,5,60.7988,0.0
half_cheetah,2,1,2,6,64.1786,0.0
half_cheetah,2,1,2,7,42.0798,0.0
half_cheetah,2,1,2,9,72.4994,0.0
half_cheetah,2,1,3,0,59.6356,0.0
half_cheetah,2,1,2,8,65.1852,0.0
half_cheetah,2,1,3,1,70.4275,0.0
half_cheetah,2,1,3,3,64.046,0.0
half_cheetah,2,1,3,2,73.451,0.0
half_cheetah,2,1,3,4,66.0146,0.0
half_cheetah,2,1,3,7,62.4533,0.0
half_cheetah,2,1,3,6,58.9277,0.0
half_cheetah,2,1,3,5,61.9241,0.0
half_cheetah,2,1,3,9,75.4368,0.0
half_cheetah,2,1,3,8,64.5512,0.0
half_cheetah,2,1,4,0,54.2837,0.0
half_cheetah,2,1,4,1,70.7426,0.0
half_cheetah,2,1,4,3,48.4115,0.0
half_cheetah,2,1,4,2,53.1875,0.0
half_cheetah,2,1,4,4,66.8895,0.0
half_cheetah,2,1,4,5,54.5203,0.0
half_cheetah,2,1,4,6,61.2025,0.0
half_cheetah,2,1,4,7,63.2359,0.0
half_cheetah,2,1,4,9,68.931,0.0
half_cheetah,2,2,0,0,747.442,3.0
half_cheetah,2,1,4,8,49.0625,0.0
half_cheetah,2,2,0,1,306.164,1.0
half_cheetah,2,2,0,2,547.36,2.0
half_cheetah,2,2,0,4,341.22,1.0
half_cheetah,2,2,0,3,1172.63,5.0
half_cheetah,2,2,0,5,535.685,2.0
half_cheetah,2,2,0,6,939.227,4.0
half_cheetah,2,2,0,7,46.263,0.0
half_cheetah,2,2,0,9,323.769,1.0
half_cheetah,2,2,0,8,247.018,1.0
half_cheetah,2,2,1,1,156.418,0.0
half_cheetah,2,2,1,0,122.098,0.0
half_cheetah,2,2,1,2,555.004,2.0
half_cheetah,2,2,1,3,342.142,1.0
half_cheetah,2,2,1,4,165.193,0.0
half_cheetah,2,2,1,6,151.763,0.0
half_cheetah,2,2,1,5,129.203,0.0
half_cheetah,2,2,1,7,130.811,0.0
half_cheetah,2,2,2,0,320.624,1.0
half_cheetah,2,2,1,9,739.358,3.0
half_cheetah,2,2,1,8,541.84,2.0
half_cheetah,2,2,2,1,1721.38,8.0
half_cheetah,2,2,2,2,125.022,0.0
half_cheetah,2,2,2,3,740.449,3.0
half_cheetah,2,2,2,4,548.67,2.0
half_cheetah,2,2,2,5,1503.21,7.0
half_cheetah,2,2,2,6,531.309,2.0
half_cheetah,2,2,2,7,134.615,0.0
half_cheetah,2,2,2,9,351.226,1.0
half_cheetah,2,2,2,8,660.146,3.0
half_cheetah,2,2,3,0,2192.9,10.0
half_cheetah,2,2,3,1,215.06,1.0
half_cheetah,2,2,3,2,2018.59,10.0
half_cheetah,2,2,3,4,2063.32,10.0
half_cheetah,2,2,3,3,1738.49,8.0
half_cheetah,2,2,3,5,352.919,1.0
half_cheetah,2,2,3,6,1147.49,5.0
half_cheetah,2,2,3,7,362.972,1.0
half_cheetah,2,2,3,8,1290.02,7.0
half_cheetah,2,2,3,9,2094.42,10.0
half_cheetah,2,2,4,0,930.937,4.0
half_cheetah,2,2,4,1,912.354,4.0
half_cheetah,2,2,4,3,132.638,0.0
half_cheetah,2,2,4,2,139.916,0.0
half_cheetah,2,2,4,4,936.204,4.0
half_cheetah,2,2,4,6,532.333,2.0
half_cheetah,2,2,4,7,119.681,0.0
half_cheetah,2,2,4,5,121.1,0.0
half_cheetah,2,2,4,9,211.603,1.0
half_cheetah,2,2,4,8,699.44,3.0
half_cheetah,2,3,0,0,51.3323,0.0
half_cheetah,2,3,0,1,72.45,0.0
half_cheetah,2,3,0,2,74.8796,0.0
half_cheetah,2,3,0,3,50.2626,0.0
half_cheetah,2,3,0,4,52.5215,0.0
half_cheetah,2,3,0,5,48.8445,0.0
half_cheetah,2,3,0,6,48.703,0.0
half_cheetah,2,3,1,1,100.26,0.0
half_cheetah,2,3,0,9,66.2245,0.0
half_cheetah,2,3,0,7,53.2916,0.0
half_cheetah,2,3,0,8,57.25,0.0
half_cheetah,2,3,1,2,67.6388,0.0
half_cheetah,2,3,1,0,75.868,0.0
half_cheetah,2,3,1,5,58.7963,0.0
half_cheetah,2,3,1,6,57.0601,0.0
half_cheetah,2,3,1,3,61.0481,0.0
half_cheetah,2,3,1,7,439.305,2.0
half_cheetah,2,3,1,4,492.697,2.0
half_cheetah,2,3,1,9,72.3555,0.0
half_cheetah,2,3,2,0,50.73,0.0
half_cheetah,2,3,1,8,65.8715,0.0
half_cheetah,2,3,2,1,56.0402,0.0
half_cheetah,2,3,2,2,89.3653,0.0
half_cheetah,2,3,2,3,50.2042,0.0
half_cheetah,2,3,2,5,91.6257,0.0
half_cheetah,2,3,2,4,254.121,1.0
half_cheetah,2,3,2,6,61.6794,0.0
half_cheetah,2,3,3,1,72.4466,0.0
half_cheetah,2,3,2,7,78.132,0.0
half_cheetah,2,3,2,9,61.6909,0.0
half_cheetah,2,3,3,0,51.8057,0.0
half_cheetah,2,3,3,2,62.0004,0.0
half_cheetah,2,3,2,8,53.3012,0.0
half_cheetah,2,3,3,4,66.6808,0.0
half_cheetah,2,3,3,3,50.8998,0.0
half_cheetah,2,3,3,6,52.5741,0.0
half_cheetah,2,3,3,5,52.7218,0.0
half_cheetah,2,3,3,7,49.8644,0.0
half_cheetah,2,3,4,9,55.4902,0.0
half_cheetah,2,3,4,0,46.9984,0.0
half_cheetah,2,4,0,1,48.4021,0.0
half_cheetah,2,3,4,6,45.3575,0.0
half_cheetah,2,4,0,2,57.509,0.0
half_cheetah,2,3,3,9,64.9706,0.0
half_cheetah,2,3,4,3,45.7617,0.0
half_cheetah,2,3,4,5,46.5467,0.0
half_cheetah,2,3,3,8,54.2754,0.0
half_cheetah,2,3,4,2,56.739,0.0
half_cheetah,2,3,4,4,60.5255,0.0
half_cheetah,2,3,4,8,48.5344,0.0
half_cheetah,2,4,0,0,54.233,0.0
half_cheetah,2,3,4,7,44.3594,0.0
half_cheetah,2,3,4,1,53.0072,0.0
half_cheetah,2,4,0,3,40.6271,0.0
half_cheetah,2,4,0,6,47.4388,0.0
half_cheetah,2,4,1,0,19.2273,0.0
half_cheetah,2,4,0,8,61.5461,0.0
half_cheetah,2,4,0,9,51.2826,0.0
half_cheetah,2,4,1,1,53.1362,0.0
half_cheetah,2,4,0,4,56.012,0.0
half_cheetah,2,4,0,7,46.9187,0.0
half_cheetah,2,4,1,5,22.7569,0.0
half_cheetah,2,4,1,7,48.5782,0.0
half_cheetah,2,4,1,6,37.5853,0.0
half_cheetah,2,4,0,5,53.1509,0.0
half_cheetah,2,4,1,8,38.7721,0.0
half_cheetah,2,4,1,2,61.6779,0.0
half_cheetah,2,4,1,4,260.098,1.0
half_cheetah,2,4,1,3,19.273,0.0
half_cheetah,2,4,1,9,64.4822,0.0
half_cheetah,2,4,2,3,48.6051,0.0
half_cheetah,2,4,2,5,49.0958,0.0
half_cheetah,2,4,2,8,22.6992,0.0
half_cheetah,2,4,3,0,32.4989,0.0
half_cheetah,2,4,2,0,18.4657,0.0
half_cheetah,2,4,2,4,48.6808,0.0
half_cheetah,2,4,2,2,28.6878,0.0
half_cheetah,2,4,2,1,28.9546,0.0
half_cheetah,2,4,2,6,52.8033,0.0
half_cheetah,2,4,2,7,17.0189,0.0
half_cheetah,2,4,2,9,47.3323,0.0
half_cheetah,2,4,3,1,43.5809,0.0
half_cheetah,2,4,3,4,60.9279,0.0
half_cheetah,2,4,3,2,50.7079,0.0
half_cheetah,2,4,3,5,39.4703,0.0
half_cheetah,2,4,3,3,57.2884,0.0
half_cheetah,2,4,3,6,20.7551,0.0
half_cheetah,2,4,3,7,36.751,0.0
half_cheetah,2,4,4,1,54.2882,0.0
half_cheetah,2,4,4,2,57.7164,0.0
half_cheetah,2,4,3,8,45.3966,0.0
half_cheetah,2,4,3,9,50.7555,0.0
half_cheetah,2,4,4,0,57.0941,0.0
half_cheetah,2,4,4,3,49.2825,0.0
half_cheetah,2,4,4,4,46.5725,0.0
half_cheetah,2,4,4,5,48.9466,0.0
half_cheetah,2,4,4,6,40.4603,0.0
half_cheetah,2,4,4,7,54.3188,0.0
half_cheetah,2,4,4,9,67.9329,0.0
half_cheetah,2,4,4,8,49.9446,0.0
half_cheetah,3,0,0,0,61.7939,0.0
half_cheetah,3,0,0,1,64.9495,0.0
half_cheetah,3,0,0,3,59.2751,0.0
half_cheetah,3,0,0,2,96.7286,0.0
half_cheetah,3,0,0,4,60.1464,0.0
half_cheetah,3,0,0,5,60.4608,0.0
half_cheetah,3,0,0,6,86.5688,0.0
half_cheetah,3,0,0,7,42.5794,0.0
half_cheetah,3,0,0,9,67.5009,0.0
half_cheetah,3,0,0,8,62.4369,0.0
half_cheetah,3,0,1,0,26.0126,0.0
half_cheetah,3,0,1,1,81.1621,0.0
half_cheetah,3,0,1,4,55.2586,0.0
half_cheetah,3,0,1,3,13.3055,0.0
half_cheetah,3,0,1,2,71.1023,0.0
half_cheetah,3,0,1,5,60.017,0.0
half_cheetah,3,0,1,6,40.1765,0.0
half_cheetah,3,0,1,7,1.46996,0.0
half_cheetah,3,0,1,9,59.957,0.0
half_cheetah,3,0,1,8,51.7869,0.0
half_cheetah,3,0,2,0,66.0147,0.0
half_cheetah,3,0,2,1,75.5197,0.0
half_cheetah,3,0,2,2,53.6153,0.0
half_cheetah,3,0,2,3,49.1513,0.0
half_cheetah,3,0,2,4,75.5477,0.0
half_cheetah,3,0,2,6,68.3091,0.0
half_cheetah,3,0,2,5,63.7517,0.0
half_cheetah,3,0,2,7,55.4655,0.0
half_cheetah,3,0,2,9,77.0886,0.0
half_cheetah,3,0,2,8,68.5766,0.0
half_cheetah,3,0,3,0,63.6337,0.0
half_cheetah,3,0,3,1,82.3584,0.0
half_cheetah,3,0,3,2,80.0189,0.0
half_cheetah,3,0,3,3,64.2361,0.0
half_cheetah,3,0,3,4,60.5394,0.0
half_cheetah,3,0,3,5,68.5155,0.0
half_cheetah,3,0,3,6,60.8494,0.0
half_cheetah,3,0,3,7,255.116,1.0
half_cheetah,3,0,3,9,72.5418,0.0
half_cheetah,3,0,3,8,465.84,2.0
half_cheetah,3,0,4,0,67.2443,0.0
half_cheetah,3,0,4,2,74.7974,0.0
half_cheetah,3,0,4,1,88.0197,0.0
half_cheetah,3,0,4,3,63.7444,0.0
half_cheetah,3,0,4,4,67.1697,0.0
half_cheetah,3,0,4,5,66.9997,0.0
half_cheetah,3,0,4,6,66.4765,0.0
half_cheetah,3,0,4,7,73.8367,0.0
half_cheetah,3,0,4,8,65.6328,0.0
half_cheetah,3,0,4,9,79.1709,0.0
half_cheetah,3,1,0,0,84.2598,0.0
half_cheetah,3,1,0,1,93.2301,0.0
half_cheetah,3,1,0,2,60.591,0.0
half_cheetah,3,1,0,3,51.3074,0.0
half_cheetah,3,1,0,4,87.7119,0.0
half_cheetah,3,1,0,5,40.0591,0.0
half_cheetah,3,1,0,6,82.1873,0.0
half_cheetah,3,1,0,8,17.8449,0.0
half_cheetah,3,1,0,7,-9.1641,0.0
half_cheetah,3,1,0,9,67.542,0.0
half_cheetah,3,1,1,0,85.8636,0.0
half_cheetah,3,1,1,1,84.5614,0.0
half_cheetah,3,1,1,2,86.3499,0.0
half_cheetah,3,1,1,3,76.626,0.0
half_cheetah,3,1,1,4,87.1785,0.0
half_cheetah,3,1,1,5,86.8402,0.0
half_cheetah,3,1,1,6,82.0141,0.0
half_cheetah,3,1,1,7,77.2271,0.0
half_cheetah,3,1,1,8,87.3743,0.0
half_cheetah,3,1,1,9,93.1368,0.0
half_cheetah,3,1,2,0,62.7567,0.0
half_cheetah,3,1,2,1,70.3007,0.0
half_cheetah,3,1,2,2,72.2353,0.0
half_cheetah,3,1,2,4,64.327,0.0
half_cheetah,3,1,2,3,61.176,0.0
half_cheetah,3,1,2,5,63.1885,0.0
half_cheetah,3,1,2,6,59.9661,0.0
half_cheetah,3,1,2,7,60.5657,0.0
half_cheetah,3,1,2,8,62.2281,0.0
half_cheetah,3,1,2,9,72.7419,0.0
half_cheetah,3,1,3,0,82.0831,0.0
half_cheetah,3,1,3,1,87.5903,0.0
half_cheetah,3,1,3,2,87.9017,0.0
half_cheetah,3,1,3,3,74.5977,0.0
half_cheetah,3,1,3,4,87.6514,0.0
half_cheetah,3,1,3,5,83.1676,0.0
half_cheetah,3,1,3,6,77.3344,0.0
half_cheetah,3,1,3,7,77.4383,0.0
half_cheetah,3,1,3,8,86.4,0.0
half_cheetah,3,1,3,9,84.8075,0.0
half_cheetah,3,1,4,0,84.7529,0.0
half_cheetah,3,1,4,1,92.3044,0.0
half_cheetah,3,1,4,2,92.4836,0.0
half_cheetah,3,1,4,3,81.2886,0.0
half_cheetah,3,1,4,4,87.8286,0.0
half_cheetah,3,1,4,5,84.3044,0.0
half_cheetah,3,1,4,6,78.524,0.0
half_cheetah,3,1,4,7,76.8655,0.0
half_cheetah,3,1,4,8,84.4687,0.0
half_cheetah,3,1,4,9,94.1256,0.0
half_cheetah,3,2,0,0,63.5719,0.0
half_cheetah,3,2,0,1,156.351,0.0
half_cheetah,3,2,0,2,137.426,0.0
half_cheetah,3,2,0,3,135.249,0.0
half_cheetah,3,2,0,4,126.338,0.0
half_cheetah,3,2,0,5,121.742,0.0
half_cheetah,3,2,0,6,128.292,0.0
half_cheetah,3,2,0,7,-12.1394,0.0
half_cheetah,3,2,0,8,125.939,0.0
half_cheetah,3,2,0,9,335.246,1.0
half_cheetah,3,2,1,0,132.07,0.0
half_cheetah,3,2,1,1,137.913,0.0
half_cheetah,3,2,1,2,149.841,0.0
half_cheetah,3,2,1,3,139.81,0.0
half_cheetah,3,2,1,5,129.866,0.0
half_cheetah,3,2,1,4,139.857,0.0
half_cheetah,3,2,1,6,150.898,0.0
half_cheetah,3,2,1,7,139.945,0.0
half_cheetah,3,2,1,8,134.235,0.0
half_cheetah,3,2,1,9,144.307,0.0
half_cheetah,3,2,2,1,62.3301,0.0
half_cheetah,3,2,2,0,55.0129,0.0
half_cheetah,3,2,2,2,63.8004,0.0
half_cheetah,3,2,2,3,53.1923,0.0
half_cheetah,3,2,2,4,58.6277,0.0
half_cheetah,3,2,2,5,53.3807,0.0
half_cheetah,3,2,2,6,53.3207,0.0
half_cheetah,3,2,2,7,52.564,0.0
half_cheetah,3,2,2,8,59.6805,0.0
half_cheetah,3,2,2,9,64.8189,0.0
half_cheetah,3,2,3,0,115.078,0.0
half_cheetah,3,2,3,1,123.442,0.0
half_cheetah,3,2,3,2,144.791,0.0
half_cheetah,3,2,3,3,129.796,0.0
half_cheetah,3,2,3,4,134.663,0.0
half_cheetah,3,2,3,5,136.528,0.0
half_cheetah,3,2,3,7,134.772,0.0
half_cheetah,3,2,3,6,130.365,0.0
half_cheetah,3,2,3,9,154.003,0.0
half_cheetah,3,2,3,8,137.417,0.0
half_cheetah,3,2,4,0,134.855,0.0
half_cheetah,3,2,4,1,133.034,0.0
half_cheetah,3,2,4,3,129.906,0.0
half_cheetah,3,2,4,2,143.023,0.0
half_cheetah,3,2,4,4,136.235,0.0
half_cheetah,3,2,4,5,137.096,0.0
half_cheetah,3,2,4,6,128.852,0.0
half_cheetah,3,2,4,7,131.553,0.0
half_cheetah,3,2,4,8,146.076,0.0
half_cheetah,3,2,4,9,144.083,0.0
half_cheetah,3,3,0,1,85.0011,0.0
half_cheetah,3,3,0,0,280.037,1.0
half_cheetah,3,3,0,2,245.307,1.0
half_cheetah,3,3,0,3,50.5846,0.0
half_cheetah,3,3,0,4,43.0735,0.0
half_cheetah,3,3,0,5,705.645,3.0
half_cheetah,3,3,0,6,59.2828,0.0
half_cheetah,3,3,0,7,83.7963,0.0
half_cheetah,3,3,0,8,468.138,2.0
half_cheetah,3,3,0,9,106.065,0.0
half_cheetah,3,3,1,0,874.75,4.0
half_cheetah,3,3,1,1,1164.09,5.0
half_cheetah,3,3,1,2,789.925,3.0
half_cheetah,3,3,1,3,1094.68,5.0
half_cheetah,3,3,1,4,911.927,4.0
half_cheetah,3,3,1,5,868.824,4.0
half_cheetah,3,3,1,6,282.474,1.0
half_cheetah,3,3,1,7,274.732,1.0
half_cheetah,3,3,1,8,84.1514,0.0
half_cheetah,3,3,1,9,91.592,0.0
half_cheetah,3,3,2,1,74.2395,0.0
half_cheetah,3,3,2,0,73.0016,0.0
half_cheetah,3,3,2,3,73.2582,0.0
half_cheetah,3,3,2,2,84.8179,0.0
half_cheetah,3,3,2,4,78.3137,0.0
half_cheetah,3,3,2,5,74.2968,0.0
half_cheetah,3,3,2,6,72.6791,0.0
half_cheetah,3,3,2,7,73.2044,0.0
half_cheetah,3,3,2,9,86.5644,0.0
half_cheetah,3,3,2,8,78.1088,0.0
half_cheetah,3,3,3,0,1119.65,5.0
half_cheetah,3,3,3,1,1046.1,5.0
half_cheetah,3,3,3,3,654.352,3.0
half_cheetah,3,3,3,2,891.72,4.0
half_cheetah,3,3,3,5,299.576,1.0
half_cheetah,3,3,3,4,95.6768,0.0
half_cheetah,3,3,3,6,1223.4,6.0
half_cheetah,3,3,3,7,700.987,3.0
half_cheetah,3,3,3,9,451.398,2.0
half_cheetah,3,3,3,8,1085.47,5.0
half_cheetah,3,3,4,1,272.235,1.0
half_cheetah,3,3,4,0,269.686,1.0
half_cheetah,3,3,4,2,1056.24,5.0
half_cheetah,3,3,4,3,295.332,1.0
half_cheetah,3,3,4,4,895.112,4.0
half_cheetah,3,3,4,5,1038.42,5.0
half_cheetah,3,3,4,6,1062.87,5.0
half_cheetah,3,3,4,7,469.53,2.0
half_cheetah,3,3,4,9,84.1544,0.0
half_cheetah,3,3,4,8,1037.45,5.0
half_cheetah,3,4,0,0,43.9532,0.0
half_cheetah,3,4,0,1,65.0246,0.0
half_cheetah,3,4,0,2,61.3866,0.0
half_cheetah,3,4,0,3,55.5437,0.0
half_cheetah,3,4,0,4,51.393,0.0
half_cheetah,3,4,0,5,49.8557,0.0
half_cheetah,3,4,0,7,51.4284,0.0
half_cheetah,3,4,0,6,53.5622,0.0
half_cheetah,3,4,0,8,46.2066,0.0
half_cheetah,3,4,0,9,67.7496,0.0
half_cheetah,3,4,1,1,64.1869,0.0
half_cheetah,3,4,1,0,45.5408,0.0
half_cheetah,3,4,1,2,356.432,1.0
half_cheetah,3,4,1,3,20.6839,0.0
half_cheetah,3,4,1,4,52.7504,0.0
half_cheetah,3,4,1,5,50.1636,0.0
half_cheetah,3,4,1,6,18.4586,0.0
half_cheetah,3,4,1,7,42.5269,0.0
half_cheetah,3,4,1,9,52.4287,0.0
half_cheetah,3,4,1,8,29.5179,0.0
half_cheetah,3,4,2,1,54.1519,0.0
half_cheetah,3,4,2,0,45.1224,0.0
half_cheetah,3,4,2,3,45.443,0.0
half_cheetah,3,4,2,2,66.6103,0.0
half_cheetah,3,4,2,4,49.0993,0.0
half_cheetah,3,4,2,5,47.0707,0.0
half_cheetah,3,4,2,6,45.0174,0.0
half_cheetah,3,4,2,7,44.238,0.0
half_cheetah,3,4,2,9,56.7604,0.0
half_cheetah,3,4,2,8,49.3799,0.0
half_cheetah,3,4,3,0,19.0,0.0
half_cheetah,3,4,3,1,54.5148,0.0
half_cheetah,3,4,3,2,67.1961,0.0
half_cheetah,3,4,3,3,56.4928,0.0
half_cheetah,3,4,3,4,44.6979,0.0
half_cheetah,3,4,3,5,50.7984,0.0
half_cheetah,3,4,3,6,51.8292,0.0
half_cheetah,3,4,3,7,17.5668,0.0
half_cheetah,3,4,3,9,67.6264,0.0
half_cheetah,3,4,3,8,22.472,0.0
half_cheetah,3,4,4,0,53.7863,0.0
half_cheetah,3,4,4,1,30.5861,0.0
half_cheetah,3,4,4,2,165.041,0.0
half_cheetah,3,4,4,3,18.9579,0.0
half_cheetah,3,4,4,4,25.6174,0.0
half_cheetah,3,4,4,5,53.1082,0.0
half_cheetah,3,4,4,6,48.0084,0.0
half_cheetah,3,4,4,7,24.5166,0.0
half_cheetah,3,4,4,8,25.9554,0.0
half_cheetah,3,4,4,9,38.885,0.0
half_cheetah,4,0,0,0,69.0112,0.0
half_cheetah,4,0,0,1,70.5655,0.0
half_cheetah,4,0,0,2,66.9986,0.0
half_cheetah,4,0,0,3,-92.9341,0.0
half_cheetah,4,0,0,4,72.5013,0.0
half_cheetah,4,0,0,5,69.3245,0.0
half_cheetah,4,0,0,6,68.3632,0.0
half_cheetah,4,0,0,7,67.7613,0.0
half_cheetah,4,0,0,9,72.0895,0.0
half_cheetah,4,0,1,0,78.1274,0.0
half_cheetah,4,0,0,8,66.1556,0.0
half_cheetah,4,0,1,1,85.9909,0.0
half_cheetah,4,0,1,3,60.9599,0.0
half_cheetah,4,0,1,2,88.2956,0.0
half_cheetah,4,0,1,4,80.055,0.0
half_cheetah,4,0,1,5,78.5931,0.0
half_cheetah,4,0,1,6,77.4675,0.0
half_cheetah,4,0,1,7,70.0337,0.0
half_cheetah,4,0,1,9,55.8039,0.0
half_cheetah,4,0,1,8,79.0428,0.0
half_cheetah,4,0,2,0,68.9905,0.0
half_cheetah,4,0,2,1,76.5223,0.0
half_cheetah,4,0,2,3,68.928,0.0
half_cheetah,4,0,2,2,79.5723,0.0
half_cheetah,4,0,2,4,70.6607,0.0
half_cheetah,4,0,2,6,66.7703,0.0
half_cheetah,4,0,2,5,70.5829,0.0
half_cheetah,4,0,2,7,67.725,0.0
half_cheetah,4,0,2,9,81.1947,0.0
half_cheetah,4,0,3,0,74.5238,0.0
half_cheetah,4,0,2,8,71.5745,0.0
half_cheetah,4,0,3,1,75.5076,0.0
half_cheetah,4,0,3,2,83.455,0.0
half_cheetah,4,0,3,3,67.1745,0.0
half_cheetah,4,0,3,4,73.3948,0.0
half_cheetah,4,0,3,5,69.6791,0.0
half_cheetah,4,0,3,6,73.7174,0.0
half_cheetah,4,0,3,7,63.3963,0.0
half_cheetah,4,0,3,9,78.4999,0.0
half_cheetah,4,0,3,8,70.9977,0.0
half_cheetah,4,0,4,0,70.1565,0.0
half_cheetah,4,0,4,1,78.1603,0.0
half_cheetah,4,0,4,2,80.1372,0.0
half_cheetah,4,0,4,3,68.9917,0.0
half_cheetah,4,0,4,4,72.7905,0.0
half_cheetah,4,0,4,5,70.8591,0.0
half_cheetah,4,0,4,6,68.7943,0.0
half_cheetah,4,0,4,7,68.1496,0.0
half_cheetah,4,0,4,9,80.5573,0.0
half_cheetah,4,0,4,8,73.1058,0.0
half_cheetah,4,1,0,0,86.862,0.0
half_cheetah,4,1,0,1,94.605,0.0
half_cheetah,4,1,0,3,85.8306,0.0
half_cheetah,4,1,0,2,96.6937,0.0
half_cheetah,4,1,0,4,89.5291,0.0
half_cheetah,4,1,0,5,87.4657,0.0
half_cheetah,4,1,0,6,85.5321,0.0
half_cheetah,4,1,0,7,84.7841,0.0
half_cheetah,4,1,0,8,89.8532,0.0
half_cheetah,4,1,0,9,97.2213,0.0
half_cheetah,4,1,1,0,83.208,0.0
half_cheetah,4,1,1,1,89.7863,0.0
half_cheetah,4,1,1,2,91.9024,0.0
half_cheetah,4,1,1,3,78.4911,0.0
half_cheetah,4,1,1,4,83.9416,0.0
half_cheetah,4,1,1,5,80.5249,0.0
half_cheetah,4,1,1,6,79.4291,0.0
half_cheetah,4,1,1,7,80.7801,0.0
half_cheetah,4,1,1,9,91.8194,0.0
half_cheetah,4,1,1,8,85.3682,0.0
half_cheetah,4,1,2,0,63.3911,0.0
half_cheetah,4,1,2,1,70.6966,0.0
half_cheetah,4,1,2,2,71.736,0.0
half_cheetah,4,1,2,3,63.455,0.0
half_cheetah,4,1,2,4,65.1307,0.0
half_cheetah,4,1,2,5,62.9409,0.0
half_cheetah,4,1,2,6,62.0566,0.0
half_cheetah,4,1,2,7,58.6165,0.0
half_cheetah,4,1,2,9,74.7782,0.0
half_cheetah,4,1,3,0,84.8305,0.0
half_cheetah,4,1,2,8,65.7775,0.0
half_cheetah,4,1,3,1,93.6378,0.0
half_cheetah,4,1,3,2,96.4997,0.0
half_cheetah,4,1,3,3,84.7569,0.0
half_cheetah,4,1,3,4,88.424,0.0
half_cheetah,4,1,3,5,85.2056,0.0
half_cheetah,4,1,3,7,81.876,0.0
half_cheetah,4,1,3,6,83.4337,0.0
half_cheetah,4,1,3,8,89.0527,0.0
half_cheetah,4,1,3,9,96.1217,0.0
half_cheetah,4,1,4,0,85.9062,0.0
half_cheetah,4,1,4,1,93.5654,0.0
half_cheetah,4,1,4,2,96.0676,0.0
half_cheetah,4,1,4,3,84.7035,0.0
half_cheetah,4,1,4,4,88.4835,0.0
half_cheetah,4,1,4,5,86.3599,0.0
half_cheetah,4,1,4,6,84.5637,0.0
half_cheetah,4,1,4,7,82.995,0.0
half_cheetah,4,1,4,9,95.9109,0.0
half_cheetah,4,1,4,8,88.8879,0.0
half_cheetah,4,2,0,0,127.45,0.0
half_cheetah,4,2,0,1,125.316,0.0
half_cheetah,4,2,0,2,126.975,0.0
half_cheetah,4,2,0,3,127.7,0.0
half_cheetah,4,2,0,4,123.579,0.0
half_cheetah,4,2,0,6,116.751,0.0
half_cheetah,4,2,0,5,116.323,0.0
half_cheetah,4,2,0,7,113.657,0.0
half_cheetah,4,2,0,8,122.721,0.0
half_cheetah,4,2,1,0,81.3959,0.0
half_cheetah,4,2,0,9,133.881,0.0
half_cheetah,4,2,1,2,148.833,0.0
half_cheetah,4,2,1,1,142.744,0.0
half_cheetah,4,2,1,3,130.657,0.0
half_cheetah,4,2,1,4,128.618,0.0
half_cheetah,4,2,1,6,141.631,0.0
half_cheetah,4,2,1,5,127.023,0.0
half_cheetah,4,2,1,7,122.168,0.0
half_cheetah,4,2,1,9,130.536,0.0
half_cheetah,4,2,1,8,142.062,0.0
half_cheetah,4,2,2,0,140.071,0.0
half_cheetah,4,2,2,1,138.123,0.0
half_cheetah,4,2,2,3,131.73,0.0
half_cheetah,4,2,2,2,140.427,0.0
half_cheetah,4,2,2,4,139.386,0.0
half_cheetah,4,2,2,5,131.384,0.0
half_cheetah,4,2,2,6,137.088,0.0
half_cheetah,4,2,2,7,131.316,0.0
half_cheetah,4,2,2,8,135.701,0.0
half_cheetah,4,2,2,9,147.187,0.0
half_cheetah,4,2,3,0,133.76,0.0
half_cheetah,4,2,3,1,143.793,0.0
half_cheetah,4,2,3,2,145.061,0.0
half_cheetah,4,2,3,3,137.114,0.0
half_cheetah,4,2,3,4,141.236,0.0
half_cheetah,4,2,3,5,137.627,0.0
half_cheetah,4,2,3,6,136.332,0.0
half_cheetah,4,2,3,7,135.104,0.0
half_cheetah,4,2,3,9,146.716,0.0
half_cheetah,4,2,3,8,138.296,0.0
half_cheetah,4,2,4,0,132.746,0.0
half_cheetah,4,2,4,1,138.093,0.0
half_cheetah,4,2,4,2,136.9,0.0
half_cheetah,4,2,4,4,132.755,0.0
half_cheetah,4,2,4,3,130.825,0.0
half_cheetah,4,2,4,5,122.858,0.0
half_cheetah,4,2,4,6,41.0333,0.0
half_cheetah,4,2,4,7,133.276,0.0
half_cheetah,4,2,4,8,141.185,0.0
half_cheetah,4,2,4,9,146.401,0.0
half_cheetah,4,3,0,0,57.6538,0.0
half_cheetah,4,3,0,1,59.8786,0.0
half_cheetah,4,3,0,2,60.9632,0.0
half_cheetah,4,3,0,3,51.8203,0.0
half_cheetah,4,3,0,4,59.5024,0.0
half_cheetah,4,3,0,5,51.877,0.0
half_cheetah,4,3,0,6,50.2785,0.0
half_cheetah,4,3,0,7,49.8794,0.0
half_cheetah,4,3,0,8,53.8616,0.0
half_cheetah,4,3,0,9,63.0085,0.0
half_cheetah,4,3,1,0,51.9413,0.0
half_cheetah,4,3,1,1,65.5304,0.0
half_cheetah,4,3,1,2,66.3666,0.0
half_cheetah,4,3,1,3,50.6813,0.0
half_cheetah,4,3,1,4,58.9335,0.0
half_cheetah,4,3,1,5,57.5751,0.0
half_cheetah,4,3,1,6,53.9662,0.0
half_cheetah,4,3,1,7,55.5864,0.0
half_cheetah,4,3,1,8,58.6522,0.0
half_cheetah,4,3,1,9,64.8308,0.0
half_cheetah,4,3,2,0,52.8715,0.0
half_cheetah,4,3,2,1,60.5975,0.0
half_cheetah,4,3,2,2,61.6851,0.0
half_cheetah,4,3,2,3,66.8596,0.0
half_cheetah,4,3,2,4,55.6586,0.0
half_cheetah,4,3,2,6,46.3596,0.0
half_cheetah,4,3,2,5,53.5098,0.0
half_cheetah,4,3,2,7,51.0137,0.0
half_cheetah,4,3,2,9,63.3453,0.0
half_cheetah,4,3,2,8,67.5437,0.0
half_cheetah,4,3,3,0,64.4404,0.0
half_cheetah,4,3,3,1,72.6749,0.0
half_cheetah,4,3,3,3,63.5893,0.0
half_cheetah,4,3,3,2,74.7853,0.0
half_cheetah,4,3,3,4,270.291,1.0
half_cheetah,4,3,3,5,65.3168,0.0
half_cheetah,4,3,3,6,63.274,0.0
half_cheetah,4,3,3,7,62.7446,0.0
half_cheetah,4,3,3,8,68.1246,0.0
half_cheetah,4,3,3,9,75.1041,0.0
half_cheetah,4,3,4,0,51.299,0.0
half_cheetah,4,3,4,1,59.2619,0.0
half_cheetah,4,3,4,2,61.1797,0.0
half_cheetah,4,3,4,3,50.9773,0.0
half_cheetah,4,3,4,4,54.6032,0.0
half_cheetah,4,3,4,5,52.5183,0.0
half_cheetah,4,3,4,6,56.0894,0.0
half_cheetah,4,3,4,7,55.4183,0.0
half_cheetah,4,3,4,8,54.2649,0.0
half_cheetah,4,3,4,9,62.4538,0.0
half_cheetah,4,4,0,0,342.54,1.0
half_cheetah,4,4,0,1,427.441,2.0
half_cheetah,4,4,0,2,401.609,2.0
half_cheetah,4,4,0,3,18.984,0.0
half_cheetah,4,4,0,4,379.864,1.0
half_cheetah,4,4,0,6,20.7878,0.0
half_cheetah,4,4,0,5,384.28,1.0
half_cheetah,4,4,0,7,362.777,1.0
half_cheetah,4,4,0,8,377.213,1.0
half_cheetah,4,4,0,9,224.102,1.0
half_cheetah,4,4,1,0,624.28,3.0
half_cheetah,4,4,1,1,644.198,3.0
half_cheetah,4,4,1,2,629.411,3.0
half_cheetah,4,4,1,3,620.425,3.0
half_cheetah,4,4,1,4,657.324,3.0
half_cheetah,4,4,1,5,20.0923,0.0
half_cheetah,4,4,1,6,18.7765,0.0
half_cheetah,4,4,1,7,656.76,3.0
half_cheetah,4,4,1,9,62.452,0.0
half_cheetah,4,4,1,8,607.078,3.0
half_cheetah,4,4,2,0,19.6995,0.0
half_cheetah,4,4,2,1,31.0557,0.0
half_cheetah,4,4,2,2,417.906,2.0
half_cheetah,4,4,2,3,21.2154,0.0
half_cheetah,4,4,2,4,832.026,4.0
half_cheetah,4,4,2,5,22.5982,0.0
half_cheetah,4,4,2,6,417.173,2.0
half_cheetah,4,4,2,7,669.829,3.0
half_cheetah,4,4,2,9,413.993,2.0
half_cheetah,4,4,2,8,783.094,3.0
half_cheetah,4,4,3,0,649.383,3.0
half_cheetah,4,4,3,1,641.498,3.0
half_cheetah,4,4,3,2,625.551,3.0
half_cheetah,4,4,3,4,625.831,3.0
half_cheetah,4,4,3,5,545.361,2.0
half_cheetah,4,4,3,3,618.037,3.0
half_cheetah,4,4,3,6,684.011,3.0
half_cheetah,4,4,3,7,651.506,3.0
half_cheetah,4,4,3,8,632.086,3.0
half_cheetah,4,4,3,9,423.023,2.0
half_cheetah,4,4,4,0,231.031,1.0
half_cheetah,4,4,4,1,310.693,1.0
half_cheetah,4,4,4,2,48.1135,0.0
half_cheetah,4,4,4,3,32.2633,0.0
half_cheetah,4,4,4,4,240.308,1.0
half_cheetah,4,4,4,5,245.938,1.0
half_cheetah,4,4,4,6,36.917,0.0
half_cheetah,4,4,4,7,49.0669,0.0
half_cheetah,4,4,4,8,289.797,1.0
half_cheetah,4,4,4,9,48.6017,0.0
half_cheetah,none,0,0,1,77.1775,0.0
half_cheetah,none,0,0,0,68.8164,0.0
half_cheetah,none,0,0,3,69.58,0.0
half_cheetah,none,0,0,2,78.6572,0.0
half_cheetah,none,0,0,4,72.0423,0.0
half_cheetah,none,0,0,5,71.0076,0.0
half_cheetah,none,0,0,6,67.5997,0.0
half_cheetah,none,0,0,7,7.54269,0.0
half_cheetah,none,0,0,8,74.0744,0.0
half_cheetah,none,0,0,9,79.7365,0.0
half_cheetah,none,0,1,0,66.1062,0.0
half_cheetah,none,0,1,1,76.6467,0.0
half_cheetah,none,0,1,2,80.0717,0.0
half_cheetah,none,0,1,3,63.7549,0.0
half_cheetah,none,0,1,4,72.3529,0.0
half_cheetah,none,0,1,5,67.1584,0.0
half_cheetah,none,0,1,6,66.8848,0.0
half_cheetah,none,0,1,7,67.6348,0.0
half_cheetah,none,0,1,9,76.1662,0.0
half_cheetah,none,0,1,8,71.8345,0.0
half_cheetah,none,0,2,0,-0.543146,0.0
half_cheetah,none,0,2,1,-1.46567,0.0
half_cheetah,none,0,2,3,-3.69528,0.0
half_cheetah,none,0,2,2,-2.72533,0.0
half_cheetah,none,0,2,4,-0.993596,0.0
half_cheetah,none,0,2,5,-1.29938,0.0
half_cheetah,none,0,2,6,-1.67303,0.0
half_cheetah,none,0,2,7,-0.837769,0.0
half_cheetah,none,0,2,9,-1.46573,0.0
half_cheetah,none,0,2,8,-1.00585,0.0
half_cheetah,none,0,3,0,73.2497,0.0
half_cheetah,none,0,3,1,78.1033,0.0
half_cheetah,none,0,3,2,79.724,0.0
half_cheetah,none,0,3,3,72.3729,0.0
half_cheetah,none,0,3,4,71.458,0.0
half_cheetah,none,0,3,5,71.4143,0.0
half_cheetah,none,0,3,6,67.3817,0.0
half_cheetah,none,0,3,7,67.8951,0.0
half_cheetah,none,0,3,8,72.1704,0.0
half_cheetah,none,0,3,9,74.1401,0.0
half_cheetah,none,0,4,0,72.1288,0.0
half_cheetah,none,0,4,1,80.9035,0.0
half_cheetah,none,0,4,2,80.9315,0.0
half_cheetah,none,0,4,3,69.5454,0.0
half_cheetah,none,0,4,4,74.0577,0.0
half_cheetah,none,0,4,5,75.0752,0.0
half_cheetah,none,0,4,6,69.844,0.0
half_cheetah,none,0,4,7,72.7331,0.0
half_cheetah,none,0,4,9,82.9846,0.0
half_cheetah,none,0,4,8,76.8724,0.0
half_cheetah,none,1,0,1,72.4506,0.0
half_cheetah,none,1,0,0,59.9252,0.0
half_cheetah,none,1,0,2,72.5872,0.0
half_cheetah,none,1,0,3,57.5344,0.0
half_cheetah,none,1,0,4,65.5794,0.0
half_cheetah,none,1,0,5,63.3802,0.0
half_cheetah,none,1,0,6,62.1595,0.0
half_cheetah,none,1,0,7,7.54269,0.0
half_cheetah,none,1,0,8,66.7967,0.0
half_cheetah,none,1,0,9,70.2301,0.0
half_cheetah,none,1,1,0,61.9574,0.0
half_cheetah,none,1,1,1,70.32,0.0
half_cheetah,none,1,1,2,69.7932,0.0
half_cheetah,none,1,1,3,61.5799,0.0
half_cheetah,none,1,1,4,58.5152,0.0
half_cheetah,none,1,1,5,65.0243,0.0
half_cheetah,none,1,1,6,60.8564,0.0
half_cheetah,none,1,1,7,63.0158,0.0
half_cheetah,none,1,1,8,65.1938,0.0
half_cheetah,none,1,1,9,73.5346,0.0
half_cheetah,none,1,2,0,-0.543146,0.0
half_cheetah,none,1,2,1,-1.46567,0.0
half_cheetah,none,1,2,3,-3.69528,0.0
half_cheetah,none,1,2,2,-2.72533,0.0
half_cheetah,none,1,2,4,-0.993596,0.0
half_cheetah,none,1,2,5,-1.29938,0.0
half_cheetah,none,1,2,6,-1.67303,0.0
half_cheetah,none,1,2,7,-0.837769,0.0
half_cheetah,none,1,2,8,-1.00585,0.0
half_cheetah,none,1,2,9,-1.46573,0.0
half_cheetah,none,1,3,0,60.0476,0.0
half_cheetah,none,1,3,1,72.4217,0.0
half_cheetah,none,1,3,3,61.667,0.0
half_cheetah,none,1,3,2,74.0968,0.0
half_cheetah,none,1,3,4,65.8383,0.0
half_cheetah,none,1,3,5,63.895,0.0
half_cheetah,none,1,3,6,56.1766,0.0
half_cheetah,none,1,3,7,59.8219,0.0
half_cheetah,none,1,3,9,74.3061,0.0
half_cheetah,none,1,3,8,67.3435,0.0
half_cheetah,none,1,4,0,64.5477,0.0
half_cheetah,none,1,4,1,71.2689,0.0
half_cheetah,none,1,4,2,73.3479,0.0
half_cheetah,none,1,4,3,62.8358,0.0
half_cheetah,none,1,4,4,64.0299,0.0
half_cheetah,none,1,4,5,64.9618,0.0
half_cheetah,none,1,4,6,60.6443,0.0
half_cheetah,none,1,4,7,62.4695,0.0
half_cheetah,none,1,4,9,74.0072,0.0
half_cheetah,none,1,4,8,67.2858,0.0
half_cheetah,none,2,0,1,123.91,0.0
half_cheetah,none,2,0,0,137.738,0.0
half_cheetah,none,2,0,3,121.839,0.0
half_cheetah,none,2,0,2,137.086,0.0
half_cheetah,none,2,0,4,145.643,0.0
half_cheetah,none,2,0,5,117.582,0.0
half_cheetah,none,2,0,6,130.736,0.0
half_cheetah,none,2,0,7,131.005,0.0
half_cheetah,none,2,0,9,131.535,0.0
half_cheetah,none,2,0,8,119.833,0.0
half_cheetah,none,2,1,0,90.9994,0.0
half_cheetah,none,2,1,1,100.255,0.0
half_cheetah,none,2,1,3,89.1657,0.0
half_cheetah,none,2,1,2,100.732,0.0
half_cheetah,none,2,1,5,90.635,0.0
half_cheetah,none,2,1,4,93.1226,0.0
half_cheetah,none,2,1,6,91.4841,0.0
half_cheetah,none,2,1,7,90.7784,0.0
half_cheetah,none,2,1,9,132.365,0.0
half_cheetah,none,2,1,8,94.587,0.0
half_cheetah,none,2,2,0,-0.991678,0.0
half_cheetah,none,2,2,1,-1.43193,0.0
half_cheetah,none,2,2,2,-2.53976,0.0
half_cheetah,none,2,2,3,-3.80317,0.0
half_cheetah,none,2,2,4,-1.41268,0.0
half_cheetah,none,2,2,5,-1.17382,0.0
half_cheetah,none,2,2,6,-1.00134,0.0
half_cheetah,none,2,2,7,-0.863389,0.0
half_cheetah,none,2,2,9,-1.4204,0.0
half_cheetah,none,2,2,8,-1.28298,0.0
half_cheetah,none,2,3,0,118.86,0.0
half_cheetah,none,2,3,1,142.994,0.0
half_cheetah,none,2,3,3,134.922,0.0
half_cheetah,none,2,3,2,151.408,0.0
half_cheetah,none,2,3,4,146.064,0.0
half_cheetah,none,2,3,5,120.41,0.0
half_cheetah,none,2,3,6,139.248,0.0
half_cheetah,none,2,3,7,112.386,0.0
half_cheetah,none,2,3,9,149.475,0.0
half_cheetah,none,2,3,8,122.835,0.0
half_cheetah,none,2,4,0,134.079,0.0
half_cheetah,none,2,4,1,120.316,0.0
half_cheetah,none,2,4,2,125.951,0.0
half_cheetah,none,2,4,3,135.544,0.0
half_cheetah,none,2,4,4,127.443,0.0
half_cheetah,none,2,4,5,134.363,0.0
half_cheetah,none,2,4,9,147.517,0.0
half_cheetah,none,2,4,6,116.188,0.0
half_cheetah,none,2,4,7,125.361,0.0
half_cheetah,none,2,4,8,151.974,0.0
half_cheetah,none,3,0,0,51.6482,0.0
half_cheetah,none,3,0,1,58.1842,0.0
half_cheetah,none,3,0,2,75.0613,0.0
half_cheetah,none,3,0,3,49.4897,0.0
half_cheetah,none,3,0,4,55.0681,0.0
half_cheetah,none,3,0,5,65.8815,0.0
half_cheetah,none,3,0,6,49.4945,0.0
half_cheetah,none,3,0,7,49.7179,0.0
half_cheetah,none,3,0,8,67.7681,0.0
half_cheetah,none,3,0,9,74.6933,0.0
half_cheetah,none,3,1,1,60.5789,0.0
half_cheetah,none,3,1,0,45.6244,0.0
half_cheetah,none,3,1,4,49.4253,0.0
half_cheetah,none,3,1,2,56.3326,0.0
half_cheetah,none,3,1,3,45.3132,0.0
half_cheetah,none,3,1,5,47.3426,0.0
half_cheetah,none,3,1,6,45.8695,0.0
half_cheetah,none,3,1,7,44.8691,0.0
half_cheetah,none,3,1,8,53.7436,0.0
half_cheetah,none,3,1,9,75.4943,0.0
half_cheetah,none,3,2,0,-1.05671,0.0
half_cheetah,none,3,2,1,-0.792113,0.0
half_cheetah,none,3,2,2,-2.71646,0.0
half_cheetah,none,3,2,3,-4.08547,0.0
half_cheetah,none,3,2,4,-0.357172,0.0
half_cheetah,none,3,2,5,-1.16161,0.0
half_cheetah,none,3,2,6,-1.97871,0.0
half_cheetah,none,3,2,7,-1.05612,0.0
half_cheetah,none,3,2,9,-1.33707,0.0
half_cheetah,none,3,2,8,-1.34008,0.0
half_cheetah,none,3,3,0,81.9531,0.0
half_cheetah,none,3,3,1,71.4231,0.0
half_cheetah,none,3,3,2,273.484,1.0
half_cheetah,none,3,3,3,62.5944,0.0
half_cheetah,none,3,3,4,60.7376,0.0
half_cheetah,none,3,3,5,51.818,0.0
half_cheetah,none,3,3,6,48.2719,0.0
half_cheetah,none,3,3,7,51.8864,0.0
half_cheetah,none,3,3,8,59.1296,0.0
half_cheetah,none,3,3,9,70.1674,0.0
half_cheetah,none,3,4,0,57.1077,0.0
half_cheetah,none,3,4,1,60.1502,0.0
half_cheetah,none,3,4,2,60.3349,0.0
half_cheetah,none,3,4,3,50.9452,0.0
half_cheetah,none,3,4,4,53.5676,0.0
half_cheetah,none,3,4,5,52.2281,0.0
half_cheetah,none,3,4,6,48.8813,0.0
half_cheetah,none,3,4,7,48.4269,0.0
half_cheetah,none,3,4,8,68.9294,0.0
half_cheetah,none,3,4,9,60.4355,0.0
half_cheetah,none,4,0,0,24.5044,0.0
half_cheetah,none,4,0,1,29.0621,0.0
half_cheetah,none,4,0,2,49.8136,0.0
half_cheetah,none,4,0,3,43.8986,0.0
half_cheetah,none,4,0,4,19.9637,0.0
half_cheetah,none,4,0,5,18.8477,0.0
half_cheetah,none,4,0,6,55.636,0.0
half_cheetah,none,4,0,7,38.1941,0.0
half_cheetah,none,4,0,9,31.8487,0.0
half_cheetah,none,4,0,8,42.2743,0.0
half_cheetah,none,4,1,1,52.1885,0.0
half_cheetah,none,4,1,0,58.2584,0.0
half_cheetah,none,4,1,3,41.8841,0.0
half_cheetah,none,4,1,2,62.114,0.0
half_cheetah,none,4,1,4,60.0485,0.0
half_cheetah,none,4,1,5,50.2453,0.0
half_cheetah,none,4,1,6,50.5152,0.0
half_cheetah,none,4,1,7,53.8245,0.0
half_cheetah,none,4,1,8,52.0993,0.0
half_cheetah,none,4,1,9,64.5265,0.0
half_cheetah,none,4,2,0,-0.991678,0.0
half_cheetah,none,4,2,1,-1.50672,0.0
half_cheetah,none,4,2,2,-2.41171,0.0
half_cheetah,none,4,2,3,-3.80317,0.0
half_cheetah,none,4,2,4,-1.41268,0.0
half_cheetah,none,4,2,5,-1.17382,0.0
half_cheetah,none,4,2,6,-1.00134,0.0
half_cheetah,none,4,2,7,-0.863389,0.0
half_cheetah,none,4,3,0,23.9825,0.0
half_cheetah,none,4,2,9,-1.46573,0.0
half_cheetah,none,4,2,8,-1.28298,0.0
half_cheetah,none,4,3,1,53.8609,0.0
half_cheetah,none,4,3,2,56.1959,0.0
half_cheetah,none,4,3,3,55.1284,0.0
half_cheetah,none,4,3,4,22.2364,0.0
half_cheetah,none,4,3,5,22.1162,0.0
half_cheetah,none,4,3,6,43.9543,0.0
half_cheetah,none,4,3,7,47.8863,0.0
half_cheetah,none,4,3,8,123.557,0.0
half_cheetah,none,4,3,9,50.1843,0.0
half_cheetah,none,4,4,0,45.2612,0.0
half_cheetah,none,4,4,1,50.7277,0.0
half_cheetah,none,4,4,2,51.2347,0.0
half_cheetah,none,4,4,4,40.7662,0.0
half_cheetah,none,4,4,3,54.6921,0.0
half_cheetah,none,4,4,5,20.8441,0.0
half_cheetah,none,4,4,6,54.8728,0.0
half_cheetah,none,4,4,7,18.5436,0.0
half_cheetah,none,4,4,8,23.3416,0.0
half_cheetah,none,4,4,9,54.9023,0.0
