environment,obstacleTrain,,seedTraining,seedTesting,score,success,bodyChanged
half_cheetah,none,,0,0,121.434,0.0,"classic"
half_cheetah,none,,0,10,1232.25,6.0,"classic"
half_cheetah,none,,0,14,4352.26,23.0,"classic"
half_cheetah,none,,0,3,4142.29,22.0,"classic"
half_cheetah,none,,0,4,2224.22,12.0,"classic"
half_cheetah,none,,0,1,4261.11,23.0,"classic"
half_cheetah,none,,0,5,4257.27,23.0,"classic"
half_cheetah,none,,0,6,4289.77,23.0,"classic"
half_cheetah,none,,0,12,4321.27,23.0,"classic"
half_cheetah,none,,0,9,3969.23,21.0,"classic"
half_cheetah,none,,0,15,4202.71,23.0,"classic"
half_cheetah,none,,0,13,4099.69,22.0,"classic"
half_cheetah,none,,0,7,4241.82,23.0,"classic"
half_cheetah,none,,0,2,4273.1,23.0,"classic"
half_cheetah,none,,0,11,4255.34,23.0,"classic"
half_cheetah,none,,0,8,4349.85,23.0,"classic"
half_cheetah,none,,0,17,4243.45,23.0,"classic"
half_cheetah,none,,0,16,4132.8,22.0,"classic"
half_cheetah,none,,0,20,3987.65,22.0,"classic"
half_cheetah,none,,0,19,4203.04,23.0,"classic"
half_cheetah,none,,0,23,4159.64,22.0,"classic"
half_cheetah,none,,0,26,4105.18,22.0,"classic"
half_cheetah,none,,0,22,4346.87,23.0,"classic"
half_cheetah,none,,0,25,3797.31,21.0,"classic"
half_cheetah,none,,0,18,3699.68,20.0,"classic"
half_cheetah,none,,0,27,4274.47,23.0,"classic"
half_cheetah,none,,0,24,4381.72,24.0,"classic"
half_cheetah,none,,1,1,3587.27,19.0,"classic"
half_cheetah,none,,0,28,4328.75,23.0,"classic"
half_cheetah,none,,1,0,3694.27,20.0,"classic"
half_cheetah,none,,0,29,2041.85,11.0,"classic"
half_cheetah,none,,0,21,4248.64,23.0,"classic"
half_cheetah,none,,1,3,3548.77,19.0,"classic"
half_cheetah,none,,1,2,3576.25,19.0,"classic"
half_cheetah,none,,1,10,3711.69,20.0,"classic"
half_cheetah,none,,1,12,394.053,2.0,"classic"
half_cheetah,none,,1,9,3468.27,19.0,"classic"
half_cheetah,none,,1,6,3723.81,20.0,"classic"
half_cheetah,none,,1,8,3022.1,16.0,"classic"
half_cheetah,none,,1,4,3694.78,20.0,"classic"
half_cheetah,none,,1,13,3631.45,20.0,"classic"
half_cheetah,none,,1,14,2964.26,16.0,"classic"
half_cheetah,none,,1,5,3731.24,20.0,"classic"
half_cheetah,none,,1,17,3643.54,20.0,"classic"
half_cheetah,none,,1,15,3608.8,20.0,"classic"
half_cheetah,none,,1,7,3511.77,19.0,"classic"
half_cheetah,none,,1,11,3676.26,20.0,"classic"
half_cheetah,none,,1,16,3726.61,20.0,"classic"
half_cheetah,none,,1,18,2626.82,14.0,"classic"
half_cheetah,none,,1,19,3751.99,20.0,"classic"
half_cheetah,none,,1,26,3658.65,20.0,"classic"
half_cheetah,none,,1,23,3680.35,20.0,"classic"
half_cheetah,none,,1,22,3619.09,20.0,"classic"
half_cheetah,none,,1,27,3463.34,19.0,"classic"
half_cheetah,none,,1,29,3737.21,20.0,"classic"
half_cheetah,none,,1,24,3486.91,19.0,"classic"
half_cheetah,none,,1,20,3631.18,20.0,"classic"
half_cheetah,none,,1,25,3776.55,20.0,"classic"
half_cheetah,none,,1,28,3774.22,20.0,"classic"
half_cheetah,none,,2,1,3851.22,20.0,"classic"
half_cheetah,none,,1,21,3668.77,20.0,"classic"
half_cheetah,none,,2,0,4054.61,21.0,"classic"
half_cheetah,none,,2,2,3825.31,20.0,"classic"
half_cheetah,none,,2,3,3919.11,21.0,"classic"
half_cheetah,none,,2,4,3817.03,20.0,"classic"
half_cheetah,none,,2,5,3922.75,21.0,"classic"
half_cheetah,none,,2,17,4015.25,21.0,"classic"
half_cheetah,none,,2,7,3859.84,20.0,"classic"
half_cheetah,none,,2,6,4063.3,21.0,"classic"
half_cheetah,none,,2,9,3838.18,20.0,"classic"
half_cheetah,none,,2,14,3885.53,21.0,"classic"
half_cheetah,none,,2,13,3960.29,21.0,"classic"
half_cheetah,none,,2,10,3967.31,21.0,"classic"
half_cheetah,none,,2,11,3700.56,20.0,"classic"
half_cheetah,none,,2,8,3897.07,21.0,"classic"
half_cheetah,none,,2,12,1163.8,6.0,"classic"
half_cheetah,none,,2,15,3825.94,20.0,"classic"
half_cheetah,none,,2,16,3984.72,21.0,"classic"
half_cheetah,none,,2,18,3935.65,21.0,"classic"
half_cheetah,none,,2,19,3978.93,21.0,"classic"
half_cheetah,none,,2,20,3848.57,20.0,"classic"
half_cheetah,none,,2,21,3930.78,21.0,"classic"
half_cheetah,none,,2,25,2240.04,12.0,"classic"
half_cheetah,none,,2,22,3952.03,21.0,"classic"
half_cheetah,none,,2,26,3920.86,21.0,"classic"
half_cheetah,none,,2,23,3972.78,21.0,"classic"
half_cheetah,none,,2,29,3809.62,20.0,"classic"
half_cheetah,none,,2,24,3969.04,21.0,"classic"
half_cheetah,none,,2,27,3961.18,21.0,"classic"
half_cheetah,none,,3,0,3804.48,20.0,"classic"
half_cheetah,none,,2,28,4040.88,21.0,"classic"
half_cheetah,none,,3,1,3678.32,20.0,"classic"
half_cheetah,none,,3,3,3493.85,19.0,"classic"
half_cheetah,none,,3,4,3860.87,21.0,"classic"
half_cheetah,none,,3,2,3736.38,20.0,"classic"
half_cheetah,none,,3,5,3907.19,21.0,"classic"
half_cheetah,none,,3,9,3944.21,21.0,"classic"
half_cheetah,none,,3,6,3763.02,20.0,"classic"
half_cheetah,none,,3,7,3935.55,21.0,"classic"
half_cheetah,none,,3,10,3610.71,19.0,"classic"
half_cheetah,none,,3,13,3841.0,21.0,"classic"
half_cheetah,none,,3,11,3746.83,20.0,"classic"
half_cheetah,none,,3,14,3915.78,21.0,"classic"
half_cheetah,none,,3,15,3806.17,20.0,"classic"
half_cheetah,none,,3,8,3705.57,20.0,"classic"
half_cheetah,none,,3,17,3952.69,21.0,"classic"
half_cheetah,none,,3,12,3936.66,21.0,"classic"
half_cheetah,none,,3,16,3877.42,21.0,"classic"
half_cheetah,none,,3,19,2356.93,12.0,"classic"
half_cheetah,none,,3,18,3801.42,20.0,"classic"
half_cheetah,none,,3,20,3735.7,20.0,"classic"
half_cheetah,none,,3,21,3876.22,21.0,"classic"
half_cheetah,none,,3,22,3944.7,21.0,"classic"
half_cheetah,none,,3,27,3841.77,21.0,"classic"
half_cheetah,none,,4,0,3262.97,17.0,"classic"
half_cheetah,none,,3,26,3821.25,20.0,"classic"
half_cheetah,none,,3,23,3781.52,20.0,"classic"
half_cheetah,none,,3,24,3876.12,21.0,"classic"
half_cheetah,none,,3,29,3850.85,21.0,"classic"
half_cheetah,none,,3,28,3844.88,21.0,"classic"
half_cheetah,none,,3,25,3902.75,21.0,"classic"
half_cheetah,none,,4,1,3344.91,18.0,"classic"
half_cheetah,none,,4,2,3322.58,18.0,"classic"
half_cheetah,none,,4,4,3251.93,17.0,"classic"
half_cheetah,none,,4,3,3302.18,18.0,"classic"
half_cheetah,none,,4,5,3273.88,17.0,"classic"
half_cheetah,none,,4,6,3335.21,18.0,"classic"
half_cheetah,none,,4,7,3249.7,17.0,"classic"
half_cheetah,none,,4,12,3160.67,17.0,"classic"
half_cheetah,none,,4,10,3315.67,18.0,"classic"
half_cheetah,none,,4,13,3227.39,17.0,"classic"
half_cheetah,none,,4,11,3234.56,17.0,"classic"
half_cheetah,none,,4,9,3275.26,17.0,"classic"
half_cheetah,none,,4,14,3301.1,18.0,"classic"
half_cheetah,none,,4,15,3339.3,18.0,"classic"
half_cheetah,none,,4,8,3319.32,18.0,"classic"
half_cheetah,none,,4,17,3292.25,17.0,"classic"
half_cheetah,none,,4,18,3329.14,18.0,"classic"
half_cheetah,none,,4,16,3333.17,18.0,"classic"
half_cheetah,none,,4,19,3271.96,17.0,"classic"
half_cheetah,none,,4,20,3307.53,18.0,"classic"
half_cheetah,none,,4,21,3242.92,17.0,"classic"
half_cheetah,none,,4,22,3287.64,17.0,"classic"
half_cheetah,none,,4,23,3319.68,18.0,"classic"
half_cheetah,none,,4,27,3319.29,18.0,"classic"
half_cheetah,none,,4,26,3263.27,17.0,"classic"
half_cheetah,none,,4,25,3228.77,17.0,"classic"
half_cheetah,none,,4,24,3314.35,18.0,"classic"
half_cheetah,none,,4,29,3330.99,18.0,"classic"
half_cheetah,none,,4,28,3339.36,18.0,"classic"
half_cheetah,none,,0,0,2718.38,15.0,"torso,big"
half_cheetah,none,,0,1,2899.78,16.0,"torso,big"
half_cheetah,none,,0,4,2713.23,15.0,"torso,big"
half_cheetah,none,,0,3,2715.41,15.0,"torso,big"
half_cheetah,none,,0,5,2638.58,15.0,"torso,big"
half_cheetah,none,,0,2,2680.41,15.0,"torso,big"
half_cheetah,none,,0,6,2604.86,15.0,"torso,big"
half_cheetah,none,,0,7,2716.4,15.0,"torso,big"
half_cheetah,none,,0,8,2639.81,15.0,"torso,big"
half_cheetah,none,,0,9,2709.79,15.0,"torso,big"
half_cheetah,none,,0,10,2686.97,15.0,"torso,big"
half_cheetah,none,,0,14,2570.85,14.0,"torso,big"
half_cheetah,none,,0,13,2470.73,14.0,"torso,big"
half_cheetah,none,,0,15,2747.84,15.0,"torso,big"
half_cheetah,none,,0,11,2782.61,15.0,"torso,big"
half_cheetah,none,,0,12,2772.31,15.0,"torso,big"
half_cheetah,none,,0,16,2676.5,15.0,"torso,big"
half_cheetah,none,,0,17,2532.67,14.0,"torso,big"
half_cheetah,none,,0,18,2669.0,15.0,"torso,big"
half_cheetah,none,,0,19,2771.32,15.0,"torso,big"
half_cheetah,none,,0,21,2299.9,13.0,"torso,big"
half_cheetah,none,,0,20,2722.73,15.0,"torso,big"
half_cheetah,none,,0,22,2522.0,14.0,"torso,big"
half_cheetah,none,,0,23,2785.98,15.0,"torso,big"
half_cheetah,none,,0,24,2701.07,15.0,"torso,big"
half_cheetah,none,,0,25,2773.49,15.0,"torso,big"
half_cheetah,none,,0,26,2766.46,15.0,"torso,big"
half_cheetah,none,,0,27,2675.85,15.0,"torso,big"
half_cheetah,none,,0,28,2678.13,15.0,"torso,big"
half_cheetah,none,,0,29,2718.35,15.0,"torso,big"
half_cheetah,none,,1,0,3215.2,18.0,"torso,big"
half_cheetah,none,,1,1,3050.58,17.0,"torso,big"
half_cheetah,none,,1,2,3172.72,17.0,"torso,big"
half_cheetah,none,,1,3,2230.84,12.0,"torso,big"
half_cheetah,none,,1,4,3295.01,18.0,"torso,big"
half_cheetah,none,,1,5,3323.34,18.0,"torso,big"
half_cheetah,none,,1,7,279.973,1.0,"torso,big"
half_cheetah,none,,1,6,3262.03,18.0,"torso,big"
half_cheetah,none,,1,9,2938.3,16.0,"torso,big"
half_cheetah,none,,1,8,3312.83,18.0,"torso,big"
half_cheetah,none,,1,10,3242.52,18.0,"torso,big"
half_cheetah,none,,1,11,2963.99,16.0,"torso,big"
half_cheetah,none,,1,12,3217.37,18.0,"torso,big"
half_cheetah,none,,1,14,3037.69,17.0,"torso,big"
half_cheetah,none,,1,13,873.403,4.0,"torso,big"
half_cheetah,none,,1,15,3162.18,17.0,"torso,big"
half_cheetah,none,,1,17,3162.88,17.0,"torso,big"
half_cheetah,none,,1,16,2245.88,12.0,"torso,big"
half_cheetah,none,,1,18,3166.54,17.0,"torso,big"
half_cheetah,none,,1,19,3190.48,17.0,"torso,big"
half_cheetah,none,,1,21,2826.2,16.0,"torso,big"
half_cheetah,none,,1,20,3085.35,17.0,"torso,big"
half_cheetah,none,,1,22,2055.44,11.0,"torso,big"
half_cheetah,none,,1,23,3313.6,18.0,"torso,big"
half_cheetah,none,,1,24,3222.52,18.0,"torso,big"
half_cheetah,none,,1,26,3289.43,18.0,"torso,big"
half_cheetah,none,,1,25,2882.39,16.0,"torso,big"
half_cheetah,none,,1,27,2574.59,14.0,"torso,big"
half_cheetah,none,,1,28,113.171,0.0,"torso,big"
half_cheetah,none,,1,29,3032.02,17.0,"torso,big"
half_cheetah,none,,2,0,3595.61,19.0,"torso,big"
half_cheetah,none,,2,3,3632.92,19.0,"torso,big"
half_cheetah,none,,2,1,3667.82,19.0,"torso,big"
half_cheetah,none,,2,2,3531.73,19.0,"torso,big"
half_cheetah,none,,2,4,3669.1,19.0,"torso,big"
half_cheetah,none,,2,7,3662.48,19.0,"torso,big"
half_cheetah,none,,2,9,3606.33,19.0,"torso,big"
half_cheetah,none,,2,8,3573.46,19.0,"torso,big"
half_cheetah,none,,2,6,3739.47,20.0,"torso,big"
half_cheetah,none,,2,10,3575.71,19.0,"torso,big"
half_cheetah,none,,2,5,3503.41,19.0,"torso,big"
half_cheetah,none,,2,11,3381.82,18.0,"torso,big"
half_cheetah,none,,2,12,3767.47,20.0,"torso,big"
half_cheetah,none,,2,13,3590.49,19.0,"torso,big"
half_cheetah,none,,2,14,3674.11,20.0,"torso,big"
half_cheetah,none,,2,16,3620.25,19.0,"torso,big"
half_cheetah,none,,2,15,3723.73,20.0,"torso,big"
half_cheetah,none,,2,18,3488.22,19.0,"torso,big"
half_cheetah,none,,2,17,3616.98,19.0,"torso,big"
half_cheetah,none,,2,20,3208.83,17.0,"torso,big"
half_cheetah,none,,2,19,3507.67,19.0,"torso,big"
half_cheetah,none,,2,23,3627.08,19.0,"torso,big"
half_cheetah,none,,2,22,3545.95,19.0,"torso,big"
half_cheetah,none,,2,21,3655.45,19.0,"torso,big"
half_cheetah,none,,2,25,3747.32,20.0,"torso,big"
half_cheetah,none,,2,26,3492.38,19.0,"torso,big"
half_cheetah,none,,2,24,3471.49,18.0,"torso,big"
half_cheetah,none,,2,27,3560.47,19.0,"torso,big"
half_cheetah,none,,2,28,3612.59,19.0,"torso,big"
half_cheetah,none,,2,29,3293.9,18.0,"torso,big"
half_cheetah,none,,3,0,3272.73,18.0,"torso,big"
half_cheetah,none,,3,1,3032.7,17.0,"torso,big"
half_cheetah,none,,3,2,3065.61,17.0,"torso,big"
half_cheetah,none,,3,4,2937.77,16.0,"torso,big"
half_cheetah,none,,3,3,3173.61,17.0,"torso,big"
half_cheetah,none,,3,6,2923.18,16.0,"torso,big"
half_cheetah,none,,3,5,3179.55,17.0,"torso,big"
half_cheetah,none,,3,10,3201.53,17.0,"torso,big"
half_cheetah,none,,3,8,3180.17,17.0,"torso,big"
half_cheetah,none,,3,9,2608.89,14.0,"torso,big"
half_cheetah,none,,3,7,3251.72,18.0,"torso,big"
half_cheetah,none,,3,12,3200.25,17.0,"torso,big"
half_cheetah,none,,3,11,3263.61,18.0,"torso,big"
half_cheetah,none,,3,13,3125.18,17.0,"torso,big"
half_cheetah,none,,3,15,3250.64,18.0,"torso,big"
half_cheetah,none,,3,14,3342.88,18.0,"torso,big"
half_cheetah,none,,3,16,2749.78,15.0,"torso,big"
half_cheetah,none,,3,17,2958.89,16.0,"torso,big"
half_cheetah,none,,3,18,3296.31,18.0,"torso,big"
half_cheetah,none,,3,20,2932.72,16.0,"torso,big"
half_cheetah,none,,3,19,3231.26,18.0,"torso,big"
half_cheetah,none,,3,22,3115.74,17.0,"torso,big"
half_cheetah,none,,3,21,3067.91,17.0,"torso,big"
half_cheetah,none,,3,25,3248.4,18.0,"torso,big"
half_cheetah,none,,3,23,3203.01,17.0,"torso,big"
half_cheetah,none,,3,26,3124.51,17.0,"torso,big"
half_cheetah,none,,3,24,3094.86,17.0,"torso,big"
half_cheetah,none,,3,29,2884.2,16.0,"torso,big"
half_cheetah,none,,3,28,3366.76,18.0,"torso,big"
half_cheetah,none,,4,0,2548.39,14.0,"torso,big"
half_cheetah,none,,4,1,2600.86,14.0,"torso,big"
half_cheetah,none,,3,27,3133.82,17.0,"torso,big"
half_cheetah,none,,4,2,2510.9,13.0,"torso,big"
half_cheetah,none,,4,3,2557.22,14.0,"torso,big"
half_cheetah,none,,4,4,2540.06,14.0,"torso,big"
half_cheetah,none,,4,6,2607.71,14.0,"torso,big"
half_cheetah,none,,4,5,2503.26,13.0,"torso,big"
half_cheetah,none,,4,10,2539.66,14.0,"torso,big"
half_cheetah,none,,4,9,1251.88,7.0,"torso,big"
half_cheetah,none,,4,7,2581.42,14.0,"torso,big"
half_cheetah,none,,4,11,2445.19,13.0,"torso,big"
half_cheetah,none,,4,15,2481.7,13.0,"torso,big"
half_cheetah,none,,4,8,2525.17,14.0,"torso,big"
half_cheetah,none,,4,14,2431.05,13.0,"torso,big"
half_cheetah,none,,4,13,2572.88,14.0,"torso,big"
half_cheetah,none,,4,12,2455.17,13.0,"torso,big"
half_cheetah,none,,4,17,2643.08,14.0,"torso,big"
half_cheetah,none,,4,16,2587.89,14.0,"torso,big"
half_cheetah,none,,4,18,2572.16,14.0,"torso,big"
half_cheetah,none,,4,20,2502.67,13.0,"torso,big"
half_cheetah,none,,4,19,2590.84,14.0,"torso,big"
half_cheetah,none,,4,21,2493.69,13.0,"torso,big"
half_cheetah,none,,4,22,2516.5,14.0,"torso,big"
half_cheetah,none,,4,25,2439.67,13.0,"torso,big"
half_cheetah,none,,4,23,2560.83,14.0,"torso,big"
half_cheetah,none,,4,24,2459.76,13.0,"torso,big"
half_cheetah,none,,4,26,2494.76,13.0,"torso,big"
half_cheetah,none,,4,28,2561.19,14.0,"torso,big"
half_cheetah,none,,4,27,2598.16,14.0,"torso,big"
half_cheetah,none,,4,29,2628.83,14.0,"torso,big"
half_cheetah,none,,0,0,1745.04,9.0,"torso,small"
half_cheetah,none,,0,1,1629.05,9.0,"torso,small"
half_cheetah,none,,0,3,1568.88,8.0,"torso,small"
half_cheetah,none,,0,2,1350.33,7.0,"torso,small"
half_cheetah,none,,0,4,298.592,2.0,"torso,small"
half_cheetah,none,,0,6,662.149,3.0,"torso,small"
half_cheetah,none,,0,5,924.177,5.0,"torso,small"
half_cheetah,none,,0,7,779.888,4.0,"torso,small"
half_cheetah,none,,0,8,2331.6,13.0,"torso,small"
half_cheetah,none,,0,9,635.043,3.0,"torso,small"
half_cheetah,none,,0,10,2570.89,14.0,"torso,small"
half_cheetah,none,,0,11,2680.4,15.0,"torso,small"
half_cheetah,none,,0,13,145.436,0.0,"torso,small"
half_cheetah,none,,0,14,2791.04,16.0,"torso,small"
half_cheetah,none,,0,17,762.942,4.0,"torso,small"
half_cheetah,none,,0,12,1719.13,9.0,"torso,small"
half_cheetah,none,,0,16,163.404,1.0,"torso,small"
half_cheetah,none,,0,15,2087.13,11.0,"torso,small"
half_cheetah,none,,0,19,1088.99,6.0,"torso,small"
half_cheetah,none,,0,18,1624.67,9.0,"torso,small"
half_cheetah,none,,0,20,271.04,1.0,"torso,small"
half_cheetah,none,,0,22,906.563,5.0,"torso,small"
half_cheetah,none,,0,21,500.329,2.0,"torso,small"
half_cheetah,none,,0,23,954.42,5.0,"torso,small"
half_cheetah,none,,0,24,270.419,1.0,"torso,small"
half_cheetah,none,,0,26,2272.06,13.0,"torso,small"
half_cheetah,none,,0,25,2907.05,16.0,"torso,small"
half_cheetah,none,,0,27,818.708,4.0,"torso,small"
half_cheetah,none,,1,1,909.662,5.0,"torso,small"
half_cheetah,none,,1,0,1963.16,11.0,"torso,small"
half_cheetah,none,,0,28,925.373,5.0,"torso,small"
half_cheetah,none,,0,29,566.308,3.0,"torso,small"
half_cheetah,none,,1,2,311.223,1.0,"torso,small"
half_cheetah,none,,1,3,199.178,1.0,"torso,small"
half_cheetah,none,,1,4,822.379,4.0,"torso,small"
half_cheetah,none,,1,5,1971.79,11.0,"torso,small"
half_cheetah,none,,1,6,338.687,1.0,"torso,small"
half_cheetah,none,,1,7,1238.66,6.0,"torso,small"
half_cheetah,none,,1,9,441.165,2.0,"torso,small"
half_cheetah,none,,1,10,594.546,3.0,"torso,small"
half_cheetah,none,,1,8,2228.82,12.0,"torso,small"
half_cheetah,none,,1,11,107.334,0.0,"torso,small"
half_cheetah,none,,1,15,838.772,4.0,"torso,small"
half_cheetah,none,,1,13,997.146,5.0,"torso,small"
half_cheetah,none,,1,14,2653.45,14.0,"torso,small"
half_cheetah,none,,1,12,875.071,5.0,"torso,small"
half_cheetah,none,,1,16,515.815,2.0,"torso,small"
half_cheetah,none,,1,17,2376.03,13.0,"torso,small"
half_cheetah,none,,1,19,524.023,3.0,"torso,small"
half_cheetah,none,,1,18,901.811,5.0,"torso,small"
half_cheetah,none,,1,20,1293.76,7.0,"torso,small"
half_cheetah,none,,1,21,452.154,2.0,"torso,small"
half_cheetah,none,,1,22,2734.68,15.0,"torso,small"
half_cheetah,none,,1,23,198.376,1.0,"torso,small"
half_cheetah,none,,1,24,2874.6,16.0,"torso,small"
half_cheetah,none,,1,25,333.474,1.0,"torso,small"
half_cheetah,none,,1,26,297.159,1.0,"torso,small"
half_cheetah,none,,1,28,298.385,1.0,"torso,small"
half_cheetah,none,,1,27,288.929,1.0,"torso,small"
half_cheetah,none,,1,29,272.964,1.0,"torso,small"
half_cheetah,none,,2,2,3778.27,20.0,"torso,small"
half_cheetah,none,,2,1,3694.07,20.0,"torso,small"
half_cheetah,none,,2,0,3630.29,19.0,"torso,small"
half_cheetah,none,,2,3,3843.13,20.0,"torso,small"
half_cheetah,none,,2,4,631.539,3.0,"torso,small"
half_cheetah,none,,2,5,3627.4,19.0,"torso,small"
half_cheetah,none,,2,7,3703.54,20.0,"torso,small"
half_cheetah,none,,2,6,3671.45,19.0,"torso,small"
half_cheetah,none,,2,8,1912.55,10.0,"torso,small"
half_cheetah,none,,2,9,3606.82,19.0,"torso,small"
half_cheetah,none,,2,10,3774.2,20.0,"torso,small"
half_cheetah,none,,2,11,3659.49,19.0,"torso,small"
half_cheetah,none,,2,13,1391.47,7.0,"torso,small"
half_cheetah,none,,2,12,668.613,3.0,"torso,small"
half_cheetah,none,,2,14,3762.55,20.0,"torso,small"
half_cheetah,none,,2,17,3594.78,19.0,"torso,small"
half_cheetah,none,,2,15,3591.31,19.0,"torso,small"
half_cheetah,none,,2,16,2330.94,12.0,"torso,small"
half_cheetah,none,,2,19,3100.28,16.0,"torso,small"
half_cheetah,none,,2,18,3746.06,20.0,"torso,small"
half_cheetah,none,,2,20,3780.65,20.0,"torso,small"
half_cheetah,none,,2,21,2293.12,12.0,"torso,small"
half_cheetah,none,,2,22,3600.61,19.0,"torso,small"
half_cheetah,none,,2,23,3669.89,19.0,"torso,small"
half_cheetah,none,,2,24,3564.04,19.0,"torso,small"
half_cheetah,none,,2,25,3515.72,19.0,"torso,small"
half_cheetah,none,,2,26,465.013,2.0,"torso,small"
half_cheetah,none,,2,27,3587.89,19.0,"torso,small"
half_cheetah,none,,2,28,1448.94,7.0,"torso,small"
half_cheetah,none,,2,29,3717.8,20.0,"torso,small"
half_cheetah,none,,3,0,2887.17,16.0,"torso,small"
half_cheetah,none,,3,1,508.237,2.0,"torso,small"
half_cheetah,none,,3,3,3096.13,17.0,"torso,small"
half_cheetah,none,,3,2,3524.62,19.0,"torso,small"
half_cheetah,none,,3,4,1649.39,9.0,"torso,small"
half_cheetah,none,,3,5,1211.73,6.0,"torso,small"
half_cheetah,none,,3,6,3478.67,19.0,"torso,small"
half_cheetah,none,,3,7,3295.57,18.0,"torso,small"
half_cheetah,none,,3,9,1925.01,10.0,"torso,small"
half_cheetah,none,,3,8,2352.07,13.0,"torso,small"
half_cheetah,none,,3,10,2685.49,14.0,"torso,small"
half_cheetah,none,,3,12,2581.54,14.0,"torso,small"
half_cheetah,none,,3,11,2914.71,16.0,"torso,small"
half_cheetah,none,,3,14,3322.34,18.0,"torso,small"
half_cheetah,none,,3,17,447.888,2.0,"torso,small"
half_cheetah,none,,3,13,3212.88,17.0,"torso,small"
half_cheetah,none,,3,15,3126.72,17.0,"torso,small"
half_cheetah,none,,3,16,3040.83,17.0,"torso,small"
half_cheetah,none,,3,18,3573.25,19.0,"torso,small"
half_cheetah,none,,3,19,2782.23,15.0,"torso,small"
half_cheetah,none,,3,20,2692.25,15.0,"torso,small"
half_cheetah,none,,3,21,3332.85,18.0,"torso,small"
half_cheetah,none,,3,22,3512.09,19.0,"torso,small"
half_cheetah,none,,3,23,3650.52,20.0,"torso,small"
half_cheetah,none,,3,25,1026.37,5.0,"torso,small"
half_cheetah,none,,3,24,3375.98,18.0,"torso,small"
half_cheetah,none,,3,26,553.092,3.0,"torso,small"
half_cheetah,none,,3,28,3662.85,20.0,"torso,small"
half_cheetah,none,,3,27,84.8824,0.0,"torso,small"
half_cheetah,none,,3,29,2980.46,16.0,"torso,small"
half_cheetah,none,,4,1,2848.0,15.0,"torso,small"
half_cheetah,none,,4,0,2599.4,14.0,"torso,small"
half_cheetah,none,,4,2,2947.49,16.0,"torso,small"
half_cheetah,none,,4,3,2728.72,15.0,"torso,small"
half_cheetah,none,,4,4,2713.89,15.0,"torso,small"
half_cheetah,none,,4,5,2949.93,16.0,"torso,small"
half_cheetah,none,,4,6,2580.26,14.0,"torso,small"
half_cheetah,none,,4,7,1140.01,7.0,"torso,small"
half_cheetah,none,,4,8,1326.74,7.0,"torso,small"
half_cheetah,none,,4,9,2665.89,14.0,"torso,small"
half_cheetah,none,,4,10,2654.21,14.0,"torso,small"
half_cheetah,none,,4,11,2844.59,15.0,"torso,small"
half_cheetah,none,,4,12,2819.16,15.0,"torso,small"
half_cheetah,none,,4,14,2001.16,11.0,"torso,small"
half_cheetah,none,,4,15,2627.62,14.0,"torso,small"
half_cheetah,none,,4,13,2262.93,12.0,"torso,small"
half_cheetah,none,,4,17,2854.99,15.0,"torso,small"
half_cheetah,none,,4,16,2716.13,15.0,"torso,small"
half_cheetah,none,,4,18,2901.14,15.0,"torso,small"
half_cheetah,none,,4,19,3036.98,16.0,"torso,small"
half_cheetah,none,,4,20,2853.83,15.0,"torso,small"
half_cheetah,none,,4,21,3000.16,16.0,"torso,small"
half_cheetah,none,,4,22,3055.04,16.0,"torso,small"
half_cheetah,none,,4,23,2756.74,15.0,"torso,small"
half_cheetah,none,,4,24,1424.46,8.0,"torso,small"
half_cheetah,none,,4,25,2986.36,16.0,"torso,small"
half_cheetah,none,,4,26,2967.17,16.0,"torso,small"
half_cheetah,none,,4,27,2857.63,15.0,"torso,small"
half_cheetah,none,,4,28,2826.5,15.0,"torso,small"
half_cheetah,none,,4,29,2803.93,15.0,"torso,small"
half_cheetah,none,,0,0,3810.81,21.0,"thigh,big"
half_cheetah,none,,0,1,4036.47,22.0,"thigh,big"
half_cheetah,none,,0,2,3657.32,20.0,"thigh,big"
half_cheetah,none,,0,3,3444.92,19.0,"thigh,big"
half_cheetah,none,,0,4,3401.35,19.0,"thigh,big"
half_cheetah,none,,0,6,3692.7,20.0,"thigh,big"
half_cheetah,none,,0,5,3832.39,21.0,"thigh,big"
half_cheetah,none,,0,9,3861.2,21.0,"thigh,big"
half_cheetah,none,,0,7,3834.11,21.0,"thigh,big"
half_cheetah,none,,0,8,3816.39,21.0,"thigh,big"
half_cheetah,none,,0,10,3528.22,19.0,"thigh,big"
half_cheetah,none,,0,12,3523.94,19.0,"thigh,big"
half_cheetah,none,,0,11,3868.19,21.0,"thigh,big"
half_cheetah,none,,0,13,3532.2,19.0,"thigh,big"
half_cheetah,none,,0,14,3560.41,19.0,"thigh,big"
half_cheetah,none,,0,15,3720.0,20.0,"thigh,big"
half_cheetah,none,,0,16,3886.53,21.0,"thigh,big"
half_cheetah,none,,0,18,3943.4,21.0,"thigh,big"
half_cheetah,none,,0,17,3668.32,20.0,"thigh,big"
half_cheetah,none,,0,19,3662.16,20.0,"thigh,big"
half_cheetah,none,,0,20,3985.91,22.0,"thigh,big"
half_cheetah,none,,0,22,3799.31,21.0,"thigh,big"
half_cheetah,none,,0,21,2860.57,16.0,"thigh,big"
half_cheetah,none,,0,23,3670.9,20.0,"thigh,big"
half_cheetah,none,,0,24,3840.35,21.0,"thigh,big"
half_cheetah,none,,0,26,3659.44,20.0,"thigh,big"
half_cheetah,none,,0,25,3393.06,19.0,"thigh,big"
half_cheetah,none,,0,28,3479.45,19.0,"thigh,big"
half_cheetah,none,,0,27,3715.91,20.0,"thigh,big"
half_cheetah,none,,0,29,3634.97,20.0,"thigh,big"
half_cheetah,none,,1,0,3591.77,19.0,"thigh,big"
half_cheetah,none,,1,1,3428.39,19.0,"thigh,big"
half_cheetah,none,,1,2,3514.32,19.0,"thigh,big"
half_cheetah,none,,1,4,3594.78,19.0,"thigh,big"
half_cheetah,none,,1,3,3519.68,19.0,"thigh,big"
half_cheetah,none,,1,5,3496.25,19.0,"thigh,big"
half_cheetah,none,,1,6,3627.91,20.0,"thigh,big"
half_cheetah,none,,1,7,3514.46,19.0,"thigh,big"
half_cheetah,none,,1,9,3592.58,19.0,"thigh,big"
half_cheetah,none,,1,8,141.99,0.0,"thigh,big"
half_cheetah,none,,1,10,3637.15,20.0,"thigh,big"
half_cheetah,none,,1,11,3489.18,19.0,"thigh,big"
half_cheetah,none,,1,12,3586.03,19.0,"thigh,big"
half_cheetah,none,,1,14,3566.83,19.0,"thigh,big"
half_cheetah,none,,1,13,3581.56,19.0,"thigh,big"
half_cheetah,none,,1,15,3433.87,19.0,"thigh,big"
half_cheetah,none,,1,16,3514.89,19.0,"thigh,big"
half_cheetah,none,,1,17,3526.71,19.0,"thigh,big"
half_cheetah,none,,1,18,3371.13,18.0,"thigh,big"
half_cheetah,none,,1,19,3543.93,19.0,"thigh,big"
half_cheetah,none,,1,20,3528.16,19.0,"thigh,big"
half_cheetah,none,,1,21,3314.28,18.0,"thigh,big"
half_cheetah,none,,1,22,3463.35,19.0,"thigh,big"
half_cheetah,none,,1,23,3561.94,19.0,"thigh,big"
half_cheetah,none,,1,24,3558.08,19.0,"thigh,big"
half_cheetah,none,,1,25,3477.61,19.0,"thigh,big"
half_cheetah,none,,1,26,3582.79,19.0,"thigh,big"
half_cheetah,none,,1,27,3570.76,19.0,"thigh,big"
half_cheetah,none,,1,28,3489.02,19.0,"thigh,big"
half_cheetah,none,,1,29,3310.24,18.0,"thigh,big"
half_cheetah,none,,2,0,3653.29,19.0,"thigh,big"
half_cheetah,none,,2,1,3822.0,20.0,"thigh,big"
half_cheetah,none,,2,2,3741.55,20.0,"thigh,big"
half_cheetah,none,,2,3,3558.42,19.0,"thigh,big"
half_cheetah,none,,2,4,3747.01,20.0,"thigh,big"
half_cheetah,none,,2,5,3777.87,20.0,"thigh,big"
half_cheetah,none,,2,6,3813.33,20.0,"thigh,big"
half_cheetah,none,,2,7,3653.67,19.0,"thigh,big"
half_cheetah,none,,2,10,3646.75,19.0,"thigh,big"
half_cheetah,none,,2,8,3799.97,20.0,"thigh,big"
half_cheetah,none,,2,9,3847.36,20.0,"thigh,big"
half_cheetah,none,,2,11,3801.86,20.0,"thigh,big"
half_cheetah,none,,2,12,3847.16,20.0,"thigh,big"
half_cheetah,none,,2,14,3854.41,20.0,"thigh,big"
half_cheetah,none,,2,13,3599.2,19.0,"thigh,big"
half_cheetah,none,,2,15,3860.64,20.0,"thigh,big"
half_cheetah,none,,2,16,3546.9,19.0,"thigh,big"
half_cheetah,none,,2,17,3870.87,20.0,"thigh,big"
half_cheetah,none,,2,18,3793.73,20.0,"thigh,big"
half_cheetah,none,,2,19,3819.06,20.0,"thigh,big"
half_cheetah,none,,2,20,3735.59,20.0,"thigh,big"
half_cheetah,none,,2,21,3834.47,20.0,"thigh,big"
half_cheetah,none,,2,22,3702.97,20.0,"thigh,big"
half_cheetah,none,,2,23,3822.86,20.0,"thigh,big"
half_cheetah,none,,2,25,3863.07,20.0,"thigh,big"
half_cheetah,none,,2,26,3632.24,19.0,"thigh,big"
half_cheetah,none,,2,24,3936.55,21.0,"thigh,big"
half_cheetah,none,,2,27,3756.22,20.0,"thigh,big"
half_cheetah,none,,2,28,3906.85,21.0,"thigh,big"
half_cheetah,none,,2,29,3629.83,19.0,"thigh,big"
half_cheetah,none,,3,0,3468.07,19.0,"thigh,big"
half_cheetah,none,,3,1,3658.09,20.0,"thigh,big"
half_cheetah,none,,3,2,3408.03,18.0,"thigh,big"
half_cheetah,none,,3,3,3129.9,17.0,"thigh,big"
half_cheetah,none,,3,5,3413.98,18.0,"thigh,big"
half_cheetah,none,,3,4,3282.35,18.0,"thigh,big"
half_cheetah,none,,3,6,3686.59,20.0,"thigh,big"
half_cheetah,none,,3,7,3460.72,19.0,"thigh,big"
half_cheetah,none,,3,8,3646.86,20.0,"thigh,big"
half_cheetah,none,,3,9,3323.23,18.0,"thigh,big"
half_cheetah,none,,3,10,3478.08,19.0,"thigh,big"
half_cheetah,none,,3,13,3597.33,19.0,"thigh,big"
half_cheetah,none,,3,11,3452.24,19.0,"thigh,big"
half_cheetah,none,,3,12,3627.18,19.0,"thigh,big"
half_cheetah,none,,3,14,3516.93,19.0,"thigh,big"
half_cheetah,none,,3,15,3506.75,19.0,"thigh,big"
half_cheetah,none,,3,16,3504.53,19.0,"thigh,big"
half_cheetah,none,,3,17,3554.65,19.0,"thigh,big"
half_cheetah,none,,3,18,3573.56,19.0,"thigh,big"
half_cheetah,none,,3,19,3110.14,17.0,"thigh,big"
half_cheetah,none,,3,20,3520.54,19.0,"thigh,big"
half_cheetah,none,,3,21,3676.38,20.0,"thigh,big"
half_cheetah,none,,3,22,3515.42,19.0,"thigh,big"
half_cheetah,none,,3,23,3374.04,18.0,"thigh,big"
half_cheetah,none,,3,26,3561.34,19.0,"thigh,big"
half_cheetah,none,,3,24,3592.84,19.0,"thigh,big"
half_cheetah,none,,3,25,3661.89,20.0,"thigh,big"
half_cheetah,none,,3,27,3590.91,19.0,"thigh,big"
half_cheetah,none,,3,28,3651.08,20.0,"thigh,big"
half_cheetah,none,,4,1,2666.7,14.0,"thigh,big"
half_cheetah,none,,3,29,3431.52,19.0,"thigh,big"
half_cheetah,none,,4,0,2608.32,14.0,"thigh,big"
half_cheetah,none,,4,3,2866.59,15.0,"thigh,big"
half_cheetah,none,,4,2,2756.0,15.0,"thigh,big"
half_cheetah,none,,4,4,2876.86,15.0,"thigh,big"
half_cheetah,none,,4,5,2874.91,15.0,"thigh,big"
half_cheetah,none,,4,6,2511.08,14.0,"thigh,big"
half_cheetah,none,,4,7,2709.4,15.0,"thigh,big"
half_cheetah,none,,4,8,2764.19,15.0,"thigh,big"
half_cheetah,none,,4,9,2708.58,15.0,"thigh,big"
half_cheetah,none,,4,11,2744.68,15.0,"thigh,big"
half_cheetah,none,,4,10,2760.57,15.0,"thigh,big"
half_cheetah,none,,4,12,2746.23,15.0,"thigh,big"
half_cheetah,none,,4,13,2706.5,15.0,"thigh,big"
half_cheetah,none,,4,14,2819.41,15.0,"thigh,big"
half_cheetah,none,,4,17,2790.18,15.0,"thigh,big"
half_cheetah,none,,4,16,2852.72,15.0,"thigh,big"
half_cheetah,none,,4,15,2894.02,15.0,"thigh,big"
half_cheetah,none,,4,19,2630.62,14.0,"thigh,big"
half_cheetah,none,,4,18,2717.62,15.0,"thigh,big"
half_cheetah,none,,4,20,2755.74,15.0,"thigh,big"
half_cheetah,none,,4,21,2704.35,15.0,"thigh,big"
half_cheetah,none,,4,22,2719.09,15.0,"thigh,big"
half_cheetah,none,,4,23,2706.03,15.0,"thigh,big"
half_cheetah,none,,4,24,2879.68,15.0,"thigh,big"
half_cheetah,none,,4,25,2644.14,14.0,"thigh,big"
half_cheetah,none,,4,28,2858.18,15.0,"thigh,big"
half_cheetah,none,,4,26,2649.33,14.0,"thigh,big"
half_cheetah,none,,4,29,2710.58,15.0,"thigh,big"
half_cheetah,none,,4,27,2724.33,15.0,"thigh,big"
half_cheetah,none,,0,1,332.689,1.0,"thigh,small"
half_cheetah,none,,0,0,3215.03,17.0,"thigh,small"
half_cheetah,none,,0,3,4076.42,22.0,"thigh,small"
half_cheetah,none,,0,2,4231.33,23.0,"thigh,small"
half_cheetah,none,,0,4,1473.7,8.0,"thigh,small"
half_cheetah,none,,0,5,3964.85,21.0,"thigh,small"
half_cheetah,none,,0,7,3515.23,19.0,"thigh,small"
half_cheetah,none,,0,6,3572.46,19.0,"thigh,small"
half_cheetah,none,,0,8,3947.84,21.0,"thigh,small"
half_cheetah,none,,0,9,106.177,0.0,"thigh,small"
half_cheetah,none,,0,10,4192.73,23.0,"thigh,small"
half_cheetah,none,,0,11,2622.97,14.0,"thigh,small"
half_cheetah,none,,0,12,1791.86,10.0,"thigh,small"
half_cheetah,none,,0,14,3869.6,21.0,"thigh,small"
half_cheetah,none,,0,13,3839.4,21.0,"thigh,small"
half_cheetah,none,,0,15,3878.21,21.0,"thigh,small"
half_cheetah,none,,0,17,1405.21,7.0,"thigh,small"
half_cheetah,none,,0,16,3635.15,20.0,"thigh,small"
half_cheetah,none,,0,19,655.087,3.0,"thigh,small"
half_cheetah,none,,0,18,4180.83,23.0,"thigh,small"
half_cheetah,none,,0,20,1108.57,6.0,"thigh,small"
half_cheetah,none,,0,21,3681.39,20.0,"thigh,small"
half_cheetah,none,,0,22,1440.4,8.0,"thigh,small"
half_cheetah,none,,0,23,4245.91,23.0,"thigh,small"
half_cheetah,none,,0,24,4111.31,22.0,"thigh,small"
half_cheetah,none,,0,25,3893.38,21.0,"thigh,small"
half_cheetah,none,,0,26,985.148,5.0,"thigh,small"
half_cheetah,none,,0,29,2145.04,11.0,"thigh,small"
half_cheetah,none,,0,27,4087.27,22.0,"thigh,small"
half_cheetah,none,,0,28,4090.24,22.0,"thigh,small"
half_cheetah,none,,1,1,1988.33,11.0,"thigh,small"
half_cheetah,none,,1,0,2870.79,16.0,"thigh,small"
half_cheetah,none,,1,3,1444.36,8.0,"thigh,small"
half_cheetah,none,,1,2,251.791,1.0,"thigh,small"
half_cheetah,none,,1,4,666.269,3.0,"thigh,small"
half_cheetah,none,,1,5,516.213,2.0,"thigh,small"
half_cheetah,none,,1,7,2143.52,12.0,"thigh,small"
half_cheetah,none,,1,9,3293.61,18.0,"thigh,small"
half_cheetah,none,,1,8,2881.21,16.0,"thigh,small"
half_cheetah,none,,1,6,3488.13,19.0,"thigh,small"
half_cheetah,none,,1,10,2950.98,16.0,"thigh,small"
half_cheetah,none,,1,11,1227.6,6.0,"thigh,small"
half_cheetah,none,,1,12,1395.01,7.0,"thigh,small"
half_cheetah,none,,1,14,1103.14,6.0,"thigh,small"
half_cheetah,none,,1,13,3424.05,19.0,"thigh,small"
half_cheetah,none,,1,15,812.015,4.0,"thigh,small"
half_cheetah,none,,1,16,824.624,4.0,"thigh,small"
half_cheetah,none,,1,17,3201.63,17.0,"thigh,small"
half_cheetah,none,,1,18,1576.13,8.0,"thigh,small"
half_cheetah,none,,1,20,3131.64,17.0,"thigh,small"
half_cheetah,none,,1,19,1873.63,10.0,"thigh,small"
half_cheetah,none,,1,21,620.783,3.0,"thigh,small"
half_cheetah,none,,1,22,3464.18,19.0,"thigh,small"
half_cheetah,none,,1,23,412.825,2.0,"thigh,small"
half_cheetah,none,,1,25,179.631,1.0,"thigh,small"
half_cheetah,none,,1,24,819.782,4.0,"thigh,small"
half_cheetah,none,,1,26,3575.67,19.0,"thigh,small"
half_cheetah,none,,1,27,265.259,1.0,"thigh,small"
half_cheetah,none,,1,29,385.808,2.0,"thigh,small"
half_cheetah,none,,1,28,1410.31,7.0,"thigh,small"
half_cheetah,none,,2,0,3782.39,20.0,"thigh,small"
half_cheetah,none,,2,1,2943.83,16.0,"thigh,small"
half_cheetah,none,,2,3,2124.09,11.0,"thigh,small"
half_cheetah,none,,2,2,3738.98,20.0,"thigh,small"
half_cheetah,none,,2,4,694.29,3.0,"thigh,small"
half_cheetah,none,,2,5,486.647,2.0,"thigh,small"
half_cheetah,none,,2,6,3921.74,21.0,"thigh,small"
half_cheetah,none,,2,7,770.943,4.0,"thigh,small"
half_cheetah,none,,2,8,3882.02,21.0,"thigh,small"
half_cheetah,none,,2,9,3937.91,21.0,"thigh,small"
half_cheetah,none,,2,10,3908.46,21.0,"thigh,small"
half_cheetah,none,,2,11,3674.81,20.0,"thigh,small"
half_cheetah,none,,2,12,3894.13,21.0,"thigh,small"
half_cheetah,none,,2,13,3564.51,19.0,"thigh,small"
half_cheetah,none,,2,14,3893.43,21.0,"thigh,small"
half_cheetah,none,,2,15,3768.59,20.0,"thigh,small"
half_cheetah,none,,2,17,4073.21,22.0,"thigh,small"
half_cheetah,none,,2,16,3924.99,21.0,"thigh,small"
half_cheetah,none,,2,18,3866.49,20.0,"thigh,small"
half_cheetah,none,,2,19,3851.67,20.0,"thigh,small"
half_cheetah,none,,2,20,498.336,2.0,"thigh,small"
half_cheetah,none,,2,21,3933.06,21.0,"thigh,small"
half_cheetah,none,,2,22,3848.07,20.0,"thigh,small"
half_cheetah,none,,2,23,3645.81,19.0,"thigh,small"
half_cheetah,none,,2,25,18.8135,0.0,"thigh,small"
half_cheetah,none,,2,26,3904.73,21.0,"thigh,small"
half_cheetah,none,,2,24,3936.62,21.0,"thigh,small"
half_cheetah,none,,2,27,3939.42,21.0,"thigh,small"
half_cheetah,none,,2,28,1309.18,7.0,"thigh,small"
half_cheetah,none,,2,29,3955.6,21.0,"thigh,small"
half_cheetah,none,,3,0,3647.22,20.0,"thigh,small"
half_cheetah,none,,3,1,1337.48,7.0,"thigh,small"
half_cheetah,none,,3,3,861.009,4.0,"thigh,small"
half_cheetah,none,,3,2,3882.62,21.0,"thigh,small"
half_cheetah,none,,3,4,2939.02,16.0,"thigh,small"
half_cheetah,none,,3,5,3590.99,19.0,"thigh,small"
half_cheetah,none,,3,6,3573.99,19.0,"thigh,small"
half_cheetah,none,,3,7,3714.62,20.0,"thigh,small"
half_cheetah,none,,3,8,3737.59,20.0,"thigh,small"
half_cheetah,none,,3,9,3716.86,20.0,"thigh,small"
half_cheetah,none,,3,10,3674.16,20.0,"thigh,small"
half_cheetah,none,,3,12,3660.93,20.0,"thigh,small"
half_cheetah,none,,3,13,457.903,2.0,"thigh,small"
half_cheetah,none,,3,11,3309.48,18.0,"thigh,small"
half_cheetah,none,,3,14,2143.81,12.0,"thigh,small"
half_cheetah,none,,3,15,2838.48,15.0,"thigh,small"
half_cheetah,none,,3,16,742.476,4.0,"thigh,small"
half_cheetah,none,,3,17,3140.58,17.0,"thigh,small"
half_cheetah,none,,3,18,1999.83,11.0,"thigh,small"
half_cheetah,none,,3,19,2176.87,12.0,"thigh,small"
half_cheetah,none,,3,20,3763.31,20.0,"thigh,small"
half_cheetah,none,,3,22,3465.05,19.0,"thigh,small"
half_cheetah,none,,3,21,3540.33,19.0,"thigh,small"
half_cheetah,none,,3,23,1973.09,10.0,"thigh,small"
half_cheetah,none,,3,25,3588.48,19.0,"thigh,small"
half_cheetah,none,,3,24,1181.35,6.0,"thigh,small"
half_cheetah,none,,3,26,3788.15,20.0,"thigh,small"
half_cheetah,none,,3,27,3673.83,20.0,"thigh,small"
half_cheetah,none,,3,28,3761.84,20.0,"thigh,small"
half_cheetah,none,,3,29,3723.32,20.0,"thigh,small"
half_cheetah,none,,4,0,1601.06,9.0,"thigh,small"
half_cheetah,none,,4,1,2880.21,15.0,"thigh,small"
half_cheetah,none,,4,2,2075.26,11.0,"thigh,small"
half_cheetah,none,,4,3,2874.51,15.0,"thigh,small"
half_cheetah,none,,4,4,2771.54,15.0,"thigh,small"
half_cheetah,none,,4,5,2726.33,15.0,"thigh,small"
half_cheetah,none,,4,6,2232.23,12.0,"thigh,small"
half_cheetah,none,,4,7,2707.47,14.0,"thigh,small"
half_cheetah,none,,4,8,2909.23,16.0,"thigh,small"
half_cheetah,none,,4,9,2789.51,15.0,"thigh,small"
half_cheetah,none,,4,10,2877.07,15.0,"thigh,small"
half_cheetah,none,,4,11,2713.03,15.0,"thigh,small"
half_cheetah,none,,4,12,391.461,3.0,"thigh,small"
half_cheetah,none,,4,13,2821.54,15.0,"thigh,small"
half_cheetah,none,,4,14,2518.96,14.0,"thigh,small"
half_cheetah,none,,4,15,956.752,6.0,"thigh,small"
half_cheetah,none,,4,16,2693.35,14.0,"thigh,small"
half_cheetah,none,,4,17,1980.97,11.0,"thigh,small"
half_cheetah,none,,4,18,2572.53,14.0,"thigh,small"
half_cheetah,none,,4,19,2949.71,16.0,"thigh,small"
half_cheetah,none,,4,20,726.817,4.0,"thigh,small"
half_cheetah,none,,4,22,658.697,4.0,"thigh,small"
half_cheetah,none,,4,21,1624.84,9.0,"thigh,small"
half_cheetah,none,,4,23,2836.74,15.0,"thigh,small"
half_cheetah,none,,4,26,2609.6,14.0,"thigh,small"
half_cheetah,none,,4,24,2503.0,13.0,"thigh,small"
half_cheetah,none,,4,25,1341.46,8.0,"thigh,small"
half_cheetah,none,,4,27,2727.44,15.0,"thigh,small"
half_cheetah,none,,4,28,2810.18,15.0,"thigh,small"
half_cheetah,none,,4,29,2504.33,13.0,"thigh,small"
half_cheetah,none,,0,0,2621.25,15.0,"shin,big"
half_cheetah,none,,0,1,1919.54,11.0,"shin,big"
half_cheetah,none,,0,2,2921.76,16.0,"shin,big"
half_cheetah,none,,0,3,2648.66,15.0,"shin,big"
half_cheetah,none,,0,4,2750.55,15.0,"shin,big"
half_cheetah,none,,0,5,2870.85,16.0,"shin,big"
half_cheetah,none,,0,6,2677.99,15.0,"shin,big"
half_cheetah,none,,0,7,874.569,5.0,"shin,big"
half_cheetah,none,,0,9,2607.95,15.0,"shin,big"
half_cheetah,none,,0,8,2695.45,15.0,"shin,big"
half_cheetah,none,,0,10,1314.15,7.0,"shin,big"
half_cheetah,none,,0,12,2811.46,16.0,"shin,big"
half_cheetah,none,,0,11,2940.73,16.0,"shin,big"
half_cheetah,none,,0,14,1507.15,8.0,"shin,big"
half_cheetah,none,,0,13,2647.15,15.0,"shin,big"
half_cheetah,none,,0,17,2518.57,14.0,"shin,big"
half_cheetah,none,,0,15,2720.52,15.0,"shin,big"
half_cheetah,none,,0,16,2738.32,15.0,"shin,big"
half_cheetah,none,,0,18,2442.83,14.0,"shin,big"
half_cheetah,none,,0,19,1766.42,10.0,"shin,big"
half_cheetah,none,,0,20,2643.57,15.0,"shin,big"
half_cheetah,none,,0,21,2601.09,15.0,"shin,big"
half_cheetah,none,,0,22,2742.88,15.0,"shin,big"
half_cheetah,none,,0,23,2823.18,16.0,"shin,big"
half_cheetah,none,,0,24,2710.44,15.0,"shin,big"
half_cheetah,none,,0,25,2750.15,15.0,"shin,big"
half_cheetah,none,,0,26,2770.74,15.0,"shin,big"
half_cheetah,none,,0,27,2405.61,14.0,"shin,big"
half_cheetah,none,,0,28,2708.83,15.0,"shin,big"
half_cheetah,none,,0,29,2725.23,15.0,"shin,big"
half_cheetah,none,,1,0,811.465,4.0,"shin,big"
half_cheetah,none,,1,1,960.127,5.0,"shin,big"
half_cheetah,none,,1,3,2928.61,16.0,"shin,big"
half_cheetah,none,,1,2,2453.89,14.0,"shin,big"
half_cheetah,none,,1,4,2928.89,16.0,"shin,big"
half_cheetah,none,,1,5,2847.95,16.0,"shin,big"
half_cheetah,none,,1,6,2915.12,16.0,"shin,big"
half_cheetah,none,,1,7,2972.65,16.0,"shin,big"
half_cheetah,none,,1,8,2992.1,16.0,"shin,big"
half_cheetah,none,,1,9,2381.8,13.0,"shin,big"
half_cheetah,none,,1,10,1028.41,5.0,"shin,big"
half_cheetah,none,,1,11,2861.38,16.0,"shin,big"
half_cheetah,none,,1,14,2556.64,14.0,"shin,big"
half_cheetah,none,,1,13,1677.95,9.0,"shin,big"
half_cheetah,none,,1,12,2965.39,16.0,"shin,big"
half_cheetah,none,,1,16,2811.79,16.0,"shin,big"
half_cheetah,none,,1,15,2866.2,16.0,"shin,big"
half_cheetah,none,,1,17,2902.33,16.0,"shin,big"
half_cheetah,none,,1,19,3032.04,17.0,"shin,big"
half_cheetah,none,,1,18,2928.36,16.0,"shin,big"
half_cheetah,none,,1,20,2883.14,16.0,"shin,big"
half_cheetah,none,,1,21,2967.99,16.0,"shin,big"
half_cheetah,none,,1,22,353.09,2.0,"shin,big"
half_cheetah,none,,1,23,2853.6,16.0,"shin,big"
half_cheetah,none,,1,24,2951.27,16.0,"shin,big"
half_cheetah,none,,1,25,2928.95,16.0,"shin,big"
half_cheetah,none,,1,26,2870.7,16.0,"shin,big"
half_cheetah,none,,1,27,2930.78,16.0,"shin,big"
half_cheetah,none,,1,29,3000.58,16.0,"shin,big"
half_cheetah,none,,2,0,3910.36,21.0,"shin,big"
half_cheetah,none,,1,28,2979.51,16.0,"shin,big"
half_cheetah,none,,2,1,4078.07,22.0,"shin,big"
half_cheetah,none,,2,2,4090.77,22.0,"shin,big"
half_cheetah,none,,2,3,3730.98,20.0,"shin,big"
half_cheetah,none,,2,4,4193.2,22.0,"shin,big"
half_cheetah,none,,2,5,4161.63,22.0,"shin,big"
half_cheetah,none,,2,6,4121.8,22.0,"shin,big"
half_cheetah,none,,2,7,4163.95,22.0,"shin,big"
half_cheetah,none,,2,8,3995.62,21.0,"shin,big"
half_cheetah,none,,2,9,4133.77,22.0,"shin,big"
half_cheetah,none,,2,10,4073.07,21.0,"shin,big"
half_cheetah,none,,2,13,3944.66,21.0,"shin,big"
half_cheetah,none,,2,12,4014.55,21.0,"shin,big"
half_cheetah,none,,2,11,2775.63,15.0,"shin,big"
half_cheetah,none,,2,14,3941.38,21.0,"shin,big"
half_cheetah,none,,2,15,4121.46,22.0,"shin,big"
half_cheetah,none,,2,17,4124.33,22.0,"shin,big"
half_cheetah,none,,2,16,3560.78,19.0,"shin,big"
half_cheetah,none,,2,19,4179.88,22.0,"shin,big"
half_cheetah,none,,2,18,4101.14,22.0,"shin,big"
half_cheetah,none,,2,20,4104.82,22.0,"shin,big"
half_cheetah,none,,2,21,4161.36,22.0,"shin,big"
half_cheetah,none,,2,22,4118.71,22.0,"shin,big"
half_cheetah,none,,2,23,4082.11,22.0,"shin,big"
half_cheetah,none,,2,24,4103.89,22.0,"shin,big"
half_cheetah,none,,2,25,2519.73,13.0,"shin,big"
half_cheetah,none,,2,26,4119.01,22.0,"shin,big"
half_cheetah,none,,2,29,4090.77,22.0,"shin,big"
half_cheetah,none,,2,27,4121.7,22.0,"shin,big"
half_cheetah,none,,3,0,3099.23,17.0,"shin,big"
half_cheetah,none,,2,28,4116.16,22.0,"shin,big"
half_cheetah,none,,3,1,2968.31,16.0,"shin,big"
half_cheetah,none,,3,3,2980.43,16.0,"shin,big"
half_cheetah,none,,3,2,3178.93,17.0,"shin,big"
half_cheetah,none,,3,4,3157.24,17.0,"shin,big"
half_cheetah,none,,3,6,3155.46,17.0,"shin,big"
half_cheetah,none,,3,5,3161.53,17.0,"shin,big"
half_cheetah,none,,3,7,3251.08,18.0,"shin,big"
half_cheetah,none,,3,9,3091.3,17.0,"shin,big"
half_cheetah,none,,3,8,2995.31,16.0,"shin,big"
half_cheetah,none,,3,10,3157.88,17.0,"shin,big"
half_cheetah,none,,3,11,3041.3,17.0,"shin,big"
half_cheetah,none,,3,14,3120.15,17.0,"shin,big"
half_cheetah,none,,3,12,3143.71,17.0,"shin,big"
half_cheetah,none,,3,13,3141.24,17.0,"shin,big"
half_cheetah,none,,3,15,3169.26,17.0,"shin,big"
half_cheetah,none,,3,16,3113.37,17.0,"shin,big"
half_cheetah,none,,3,17,3108.54,17.0,"shin,big"
half_cheetah,none,,3,19,3028.39,16.0,"shin,big"
half_cheetah,none,,3,18,3168.59,17.0,"shin,big"
half_cheetah,none,,3,20,3192.38,17.0,"shin,big"
half_cheetah,none,,3,22,3245.29,18.0,"shin,big"
half_cheetah,none,,3,21,3122.03,17.0,"shin,big"
half_cheetah,none,,3,23,3246.48,18.0,"shin,big"
half_cheetah,none,,3,25,2942.66,16.0,"shin,big"
half_cheetah,none,,3,24,3115.57,17.0,"shin,big"
half_cheetah,none,,3,26,3020.19,16.0,"shin,big"
half_cheetah,none,,3,29,3099.19,17.0,"shin,big"
half_cheetah,none,,3,27,2578.17,14.0,"shin,big"
half_cheetah,none,,4,0,2354.65,13.0,"shin,big"
half_cheetah,none,,3,28,2862.38,16.0,"shin,big"
half_cheetah,none,,4,1,2382.08,13.0,"shin,big"
half_cheetah,none,,4,2,2313.17,12.0,"shin,big"
half_cheetah,none,,4,3,963.86,6.0,"shin,big"
half_cheetah,none,,4,4,2145.17,12.0,"shin,big"
half_cheetah,none,,4,5,2329.7,13.0,"shin,big"
half_cheetah,none,,4,6,430.697,3.0,"shin,big"
half_cheetah,none,,4,7,2335.06,13.0,"shin,big"
half_cheetah,none,,4,8,2307.18,12.0,"shin,big"
half_cheetah,none,,4,9,1407.7,8.0,"shin,big"
half_cheetah,none,,4,10,2282.99,12.0,"shin,big"
half_cheetah,none,,4,11,2353.54,13.0,"shin,big"
half_cheetah,none,,4,12,2307.91,12.0,"shin,big"
half_cheetah,none,,4,13,2417.82,13.0,"shin,big"
half_cheetah,none,,4,15,2306.21,12.0,"shin,big"
half_cheetah,none,,4,17,2451.51,13.0,"shin,big"
half_cheetah,none,,4,16,2231.35,12.0,"shin,big"
half_cheetah,none,,4,14,2242.46,12.0,"shin,big"
half_cheetah,none,,4,18,2270.17,12.0,"shin,big"
half_cheetah,none,,4,19,2392.11,13.0,"shin,big"
half_cheetah,none,,4,20,2112.49,11.0,"shin,big"
half_cheetah,none,,4,22,2278.02,12.0,"shin,big"
half_cheetah,none,,4,21,2360.92,13.0,"shin,big"
half_cheetah,none,,4,23,2268.61,12.0,"shin,big"
half_cheetah,none,,4,24,2352.37,13.0,"shin,big"
half_cheetah,none,,4,25,2312.28,12.0,"shin,big"
half_cheetah,none,,4,26,2284.35,12.0,"shin,big"
half_cheetah,none,,4,27,2421.13,13.0,"shin,big"
half_cheetah,none,,4,28,1080.07,6.0,"shin,big"
half_cheetah,none,,0,0,3796.28,21.0,"shin,small"
half_cheetah,none,,4,29,2303.89,12.0,"shin,big"
half_cheetah,none,,0,1,3627.6,20.0,"shin,small"
half_cheetah,none,,0,3,3853.56,21.0,"shin,small"
half_cheetah,none,,0,2,3709.57,20.0,"shin,small"
half_cheetah,none,,0,4,3736.16,20.0,"shin,small"
half_cheetah,none,,0,5,3684.73,20.0,"shin,small"
half_cheetah,none,,0,6,2432.13,13.0,"shin,small"
half_cheetah,none,,0,9,3662.19,20.0,"shin,small"
half_cheetah,none,,0,7,3917.4,21.0,"shin,small"
half_cheetah,none,,0,8,3594.67,20.0,"shin,small"
half_cheetah,none,,0,10,3909.27,21.0,"shin,small"
half_cheetah,none,,0,11,3730.07,20.0,"shin,small"
half_cheetah,none,,0,12,3162.11,17.0,"shin,small"
half_cheetah,none,,0,13,3484.93,19.0,"shin,small"
half_cheetah,none,,0,14,3723.39,20.0,"shin,small"
half_cheetah,none,,0,16,3957.06,21.0,"shin,small"
half_cheetah,none,,0,15,3713.44,20.0,"shin,small"
half_cheetah,none,,0,17,169.404,1.0,"shin,small"
half_cheetah,none,,0,18,3719.46,20.0,"shin,small"
half_cheetah,none,,0,19,3729.94,20.0,"shin,small"
half_cheetah,none,,0,20,3903.21,21.0,"shin,small"
half_cheetah,none,,0,22,3608.41,20.0,"shin,small"
half_cheetah,none,,0,21,2769.96,15.0,"shin,small"
half_cheetah,none,,0,23,3711.41,20.0,"shin,small"
half_cheetah,none,,0,25,3635.37,20.0,"shin,small"
half_cheetah,none,,0,24,3538.1,19.0,"shin,small"
half_cheetah,none,,0,26,3737.26,20.0,"shin,small"
half_cheetah,none,,0,27,3777.29,21.0,"shin,small"
half_cheetah,none,,0,28,3772.94,20.0,"shin,small"
half_cheetah,none,,0,29,3752.74,20.0,"shin,small"
half_cheetah,none,,1,1,984.124,5.0,"shin,small"
half_cheetah,none,,1,0,2592.76,14.0,"shin,small"
half_cheetah,none,,1,3,405.107,2.0,"shin,small"
half_cheetah,none,,1,2,548.194,3.0,"shin,small"
half_cheetah,none,,1,4,3004.74,16.0,"shin,small"
half_cheetah,none,,1,5,1826.48,10.0,"shin,small"
half_cheetah,none,,1,6,3130.96,17.0,"shin,small"
half_cheetah,none,,1,7,2072.01,11.0,"shin,small"
half_cheetah,none,,1,8,3166.22,17.0,"shin,small"
half_cheetah,none,,1,9,2863.52,16.0,"shin,small"
half_cheetah,none,,1,10,860.122,4.0,"shin,small"
half_cheetah,none,,1,11,408.336,2.0,"shin,small"
half_cheetah,none,,1,12,659.562,3.0,"shin,small"
half_cheetah,none,,1,13,2333.0,13.0,"shin,small"
half_cheetah,none,,1,14,2616.45,14.0,"shin,small"
half_cheetah,none,,1,15,3252.25,18.0,"shin,small"
half_cheetah,none,,1,17,1953.72,10.0,"shin,small"
half_cheetah,none,,1,16,3321.15,18.0,"shin,small"
half_cheetah,none,,1,18,189.639,1.0,"shin,small"
half_cheetah,none,,1,19,1241.25,6.0,"shin,small"
half_cheetah,none,,1,20,282.344,1.0,"shin,small"
half_cheetah,none,,1,21,3015.76,16.0,"shin,small"
half_cheetah,none,,1,22,1052.88,6.0,"shin,small"
half_cheetah,none,,1,23,1011.2,5.0,"shin,small"
half_cheetah,none,,1,26,226.673,1.0,"shin,small"
half_cheetah,none,,1,25,916.539,5.0,"shin,small"
half_cheetah,none,,1,24,3105.71,17.0,"shin,small"
half_cheetah,none,,1,27,441.344,2.0,"shin,small"
half_cheetah,none,,1,28,3227.02,18.0,"shin,small"
half_cheetah,none,,1,29,1956.03,11.0,"shin,small"
half_cheetah,none,,2,0,3849.17,20.0,"shin,small"
half_cheetah,none,,2,1,1359.3,7.0,"shin,small"
half_cheetah,none,,2,2,2321.86,12.0,"shin,small"
half_cheetah,none,,2,3,1561.14,8.0,"shin,small"
half_cheetah,none,,2,4,2993.76,16.0,"shin,small"
half_cheetah,none,,2,5,3955.28,21.0,"shin,small"
half_cheetah,none,,2,6,3095.69,16.0,"shin,small"
half_cheetah,none,,2,7,3709.72,20.0,"shin,small"
half_cheetah,none,,2,8,3989.47,21.0,"shin,small"
half_cheetah,none,,2,9,3755.14,20.0,"shin,small"
half_cheetah,none,,2,10,3641.74,19.0,"shin,small"
half_cheetah,none,,2,14,216.02,1.0,"shin,small"
half_cheetah,none,,2,11,3874.97,21.0,"shin,small"
half_cheetah,none,,2,13,3867.05,20.0,"shin,small"
half_cheetah,none,,2,12,3719.58,20.0,"shin,small"
half_cheetah,none,,2,15,3791.12,20.0,"shin,small"
half_cheetah,none,,2,17,4033.32,21.0,"shin,small"
half_cheetah,none,,2,16,3342.73,18.0,"shin,small"
half_cheetah,none,,2,18,3937.02,21.0,"shin,small"
half_cheetah,none,,2,19,500.493,2.0,"shin,small"
half_cheetah,none,,2,20,3065.49,16.0,"shin,small"
half_cheetah,none,,2,21,1118.7,6.0,"shin,small"
half_cheetah,none,,2,22,3804.2,20.0,"shin,small"
half_cheetah,none,,2,23,3755.34,20.0,"shin,small"
half_cheetah,none,,2,24,3663.52,19.0,"shin,small"
half_cheetah,none,,2,25,2010.61,10.0,"shin,small"
half_cheetah,none,,2,26,3725.45,20.0,"shin,small"
half_cheetah,none,,2,27,899.552,4.0,"shin,small"
half_cheetah,none,,2,29,3724.44,20.0,"shin,small"
half_cheetah,none,,2,28,3818.39,20.0,"shin,small"
half_cheetah,none,,3,0,3800.8,20.0,"shin,small"
half_cheetah,none,,3,1,3747.98,20.0,"shin,small"
half_cheetah,none,,3,3,3296.98,18.0,"shin,small"
half_cheetah,none,,3,2,3656.21,20.0,"shin,small"
half_cheetah,none,,3,4,631.141,3.0,"shin,small"
half_cheetah,none,,3,5,3494.29,19.0,"shin,small"
half_cheetah,none,,3,6,3455.42,19.0,"shin,small"
half_cheetah,none,,3,7,3323.46,18.0,"shin,small"
half_cheetah,none,,3,9,3812.87,20.0,"shin,small"
half_cheetah,none,,3,8,3703.6,20.0,"shin,small"
half_cheetah,none,,3,10,3350.22,18.0,"shin,small"
half_cheetah,none,,3,11,3798.62,20.0,"shin,small"
half_cheetah,none,,3,12,1737.72,9.0,"shin,small"
half_cheetah,none,,3,14,3684.84,20.0,"shin,small"
half_cheetah,none,,3,13,1523.45,8.0,"shin,small"
half_cheetah,none,,3,15,3767.06,20.0,"shin,small"
half_cheetah,none,,3,16,3537.26,19.0,"shin,small"
half_cheetah,none,,3,17,3556.5,19.0,"shin,small"
half_cheetah,none,,3,19,3535.05,19.0,"shin,small"
half_cheetah,none,,3,18,3673.76,20.0,"shin,small"
half_cheetah,none,,3,20,3722.92,20.0,"shin,small"
half_cheetah,none,,3,22,3620.48,19.0,"shin,small"
half_cheetah,none,,3,21,3677.21,20.0,"shin,small"
half_cheetah,none,,3,23,1326.23,7.0,"shin,small"
half_cheetah,none,,3,25,3707.79,20.0,"shin,small"
half_cheetah,none,,3,24,3197.9,17.0,"shin,small"
half_cheetah,none,,3,26,3543.09,19.0,"shin,small"
half_cheetah,none,,3,27,3472.51,19.0,"shin,small"
half_cheetah,none,,3,28,3592.13,19.0,"shin,small"
half_cheetah,none,,3,29,3639.75,20.0,"shin,small"
half_cheetah,none,,4,0,2920.67,16.0,"shin,small"
half_cheetah,none,,4,1,2771.66,15.0,"shin,small"
half_cheetah,none,,4,2,1964.91,10.0,"shin,small"
half_cheetah,none,,4,3,433.261,3.0,"shin,small"
half_cheetah,none,,4,4,285.916,2.0,"shin,small"
half_cheetah,none,,4,5,3121.14,17.0,"shin,small"
half_cheetah,none,,4,6,2194.67,12.0,"shin,small"
half_cheetah,none,,4,7,2890.71,15.0,"shin,small"
half_cheetah,none,,4,8,3021.99,16.0,"shin,small"
half_cheetah,none,,4,9,2849.65,15.0,"shin,small"
half_cheetah,none,,4,10,2984.88,16.0,"shin,small"
half_cheetah,none,,4,11,2897.13,15.0,"shin,small"
half_cheetah,none,,4,12,1426.42,8.0,"shin,small"
half_cheetah,none,,4,13,380.786,3.0,"shin,small"
half_cheetah,none,,4,14,2681.73,14.0,"shin,small"
half_cheetah,none,,4,15,677.872,4.0,"shin,small"
half_cheetah,none,,4,16,3045.4,16.0,"shin,small"
half_cheetah,none,,4,17,3094.13,16.0,"shin,small"
half_cheetah,none,,4,19,2754.41,15.0,"shin,small"
half_cheetah,none,,4,18,3025.02,16.0,"shin,small"
half_cheetah,none,,4,20,3042.82,16.0,"shin,small"
half_cheetah,none,,4,21,1321.22,7.0,"shin,small"
half_cheetah,none,,4,22,163.987,1.0,"shin,small"
half_cheetah,none,,4,23,2978.29,16.0,"shin,small"
half_cheetah,none,,4,24,2445.68,13.0,"shin,small"
half_cheetah,none,,4,25,797.134,5.0,"shin,small"
half_cheetah,none,,4,27,2787.33,15.0,"shin,small"
half_cheetah,none,,4,26,434.284,3.0,"shin,small"
half_cheetah,none,,4,28,2653.05,14.0,"shin,small"
half_cheetah,none,,4,29,2663.62,14.0,"shin,small"
half_cheetah,none,,0,0,1993.89,11.0,"foot,big"
half_cheetah,none,,0,1,3060.84,17.0,"foot,big"
half_cheetah,none,,0,3,3211.09,18.0,"foot,big"
half_cheetah,none,,0,2,2940.81,16.0,"foot,big"
half_cheetah,none,,0,4,387.024,2.0,"foot,big"
half_cheetah,none,,0,5,3209.38,18.0,"foot,big"
half_cheetah,none,,0,6,3271.4,18.0,"foot,big"
half_cheetah,none,,0,7,3354.88,18.0,"foot,big"
half_cheetah,none,,0,8,1375.36,7.0,"foot,big"
half_cheetah,none,,0,9,3115.33,17.0,"foot,big"
half_cheetah,none,,0,10,2898.52,16.0,"foot,big"
half_cheetah,none,,0,11,815.428,4.0,"foot,big"
half_cheetah,none,,0,12,1109.7,6.0,"foot,big"
half_cheetah,none,,0,14,3094.92,17.0,"foot,big"
half_cheetah,none,,0,13,3262.53,18.0,"foot,big"
half_cheetah,none,,0,15,3283.13,18.0,"foot,big"
half_cheetah,none,,0,16,2405.67,13.0,"foot,big"
half_cheetah,none,,0,17,3185.87,18.0,"foot,big"
half_cheetah,none,,0,18,2858.01,16.0,"foot,big"
half_cheetah,none,,0,19,3185.38,17.0,"foot,big"
half_cheetah,none,,0,20,3462.36,19.0,"foot,big"
half_cheetah,none,,0,21,3319.94,18.0,"foot,big"
half_cheetah,none,,0,22,759.252,4.0,"foot,big"
half_cheetah,none,,0,23,1245.71,7.0,"foot,big"
half_cheetah,none,,0,24,3400.28,19.0,"foot,big"
half_cheetah,none,,0,25,3272.65,18.0,"foot,big"
half_cheetah,none,,0,26,2823.59,16.0,"foot,big"
half_cheetah,none,,0,28,798.283,4.0,"foot,big"
half_cheetah,none,,0,27,3216.35,18.0,"foot,big"
half_cheetah,none,,1,0,3649.41,20.0,"foot,big"
half_cheetah,none,,0,29,3431.02,19.0,"foot,big"
half_cheetah,none,,1,1,511.383,2.0,"foot,big"
half_cheetah,none,,1,2,1854.86,10.0,"foot,big"
half_cheetah,none,,1,3,3708.48,20.0,"foot,big"
half_cheetah,none,,1,5,3882.72,21.0,"foot,big"
half_cheetah,none,,1,4,2488.72,13.0,"foot,big"
half_cheetah,none,,1,6,1474.51,8.0,"foot,big"
half_cheetah,none,,1,7,3771.65,20.0,"foot,big"
half_cheetah,none,,1,9,514.654,2.0,"foot,big"
half_cheetah,none,,1,8,3698.69,20.0,"foot,big"
half_cheetah,none,,1,11,3717.3,20.0,"foot,big"
half_cheetah,none,,1,10,3600.23,19.0,"foot,big"
half_cheetah,none,,1,14,2017.77,11.0,"foot,big"
half_cheetah,none,,1,12,3800.64,20.0,"foot,big"
half_cheetah,none,,1,13,1782.73,9.0,"foot,big"
half_cheetah,none,,1,15,793.696,4.0,"foot,big"
half_cheetah,none,,1,16,3650.06,20.0,"foot,big"
half_cheetah,none,,1,17,371.087,2.0,"foot,big"
half_cheetah,none,,1,19,3775.85,20.0,"foot,big"
half_cheetah,none,,1,18,3754.03,20.0,"foot,big"
half_cheetah,none,,1,20,3838.39,21.0,"foot,big"
half_cheetah,none,,1,21,3404.9,18.0,"foot,big"
half_cheetah,none,,1,22,2799.68,15.0,"foot,big"
half_cheetah,none,,1,23,1706.39,9.0,"foot,big"
half_cheetah,none,,1,25,3842.93,21.0,"foot,big"
half_cheetah,none,,1,24,3786.43,20.0,"foot,big"
half_cheetah,none,,1,27,2888.96,16.0,"foot,big"
half_cheetah,none,,1,26,2923.82,16.0,"foot,big"
half_cheetah,none,,1,28,2907.12,16.0,"foot,big"
half_cheetah,none,,2,0,497.914,2.0,"foot,big"
half_cheetah,none,,1,29,3674.7,20.0,"foot,big"
half_cheetah,none,,2,1,292.558,1.0,"foot,big"
half_cheetah,none,,2,3,152.0,0.0,"foot,big"
half_cheetah,none,,2,2,615.624,3.0,"foot,big"
half_cheetah,none,,2,4,567.937,3.0,"foot,big"
half_cheetah,none,,2,5,739.318,4.0,"foot,big"
half_cheetah,none,,2,6,3707.63,20.0,"foot,big"
half_cheetah,none,,2,7,2761.25,15.0,"foot,big"
half_cheetah,none,,2,8,3772.44,20.0,"foot,big"
half_cheetah,none,,2,9,992.258,5.0,"foot,big"
half_cheetah,none,,2,11,2820.36,15.0,"foot,big"
half_cheetah,none,,2,10,3045.58,16.0,"foot,big"
half_cheetah,none,,2,13,1958.65,10.0,"foot,big"
half_cheetah,none,,2,12,1522.53,8.0,"foot,big"
half_cheetah,none,,2,14,475.078,2.0,"foot,big"
half_cheetah,none,,2,17,544.202,3.0,"foot,big"
half_cheetah,none,,2,15,2041.04,11.0,"foot,big"
half_cheetah,none,,2,16,3813.08,20.0,"foot,big"
half_cheetah,none,,2,19,969.326,5.0,"foot,big"
half_cheetah,none,,2,18,518.188,2.0,"foot,big"
half_cheetah,none,,2,20,886.421,4.0,"foot,big"
half_cheetah,none,,2,23,1948.28,10.0,"foot,big"
half_cheetah,none,,2,21,1237.46,6.0,"foot,big"
half_cheetah,none,,2,22,1907.59,10.0,"foot,big"
half_cheetah,none,,2,24,2961.66,16.0,"foot,big"
half_cheetah,none,,2,25,3836.2,20.0,"foot,big"
half_cheetah,none,,2,26,3776.46,20.0,"foot,big"
half_cheetah,none,,2,27,881.213,4.0,"foot,big"
half_cheetah,none,,2,28,603.566,3.0,"foot,big"
half_cheetah,none,,2,29,4043.55,21.0,"foot,big"
half_cheetah,none,,3,0,3521.11,19.0,"foot,big"
half_cheetah,none,,3,1,3774.62,20.0,"foot,big"
half_cheetah,none,,3,2,1391.4,7.0,"foot,big"
half_cheetah,none,,3,3,281.603,1.0,"foot,big"
half_cheetah,none,,3,4,2482.13,13.0,"foot,big"
half_cheetah,none,,3,5,624.965,3.0,"foot,big"
half_cheetah,none,,3,6,2394.94,13.0,"foot,big"
half_cheetah,none,,3,9,4085.14,22.0,"foot,big"
half_cheetah,none,,3,7,859.814,4.0,"foot,big"
half_cheetah,none,,3,8,678.721,3.0,"foot,big"
half_cheetah,none,,3,10,3326.12,18.0,"foot,big"
half_cheetah,none,,3,11,3548.6,19.0,"foot,big"
half_cheetah,none,,3,12,3662.98,20.0,"foot,big"
half_cheetah,none,,3,13,3987.21,21.0,"foot,big"
half_cheetah,none,,3,14,3749.53,20.0,"foot,big"
half_cheetah,none,,3,15,3640.34,20.0,"foot,big"
half_cheetah,none,,3,16,3525.85,19.0,"foot,big"
half_cheetah,none,,3,17,3657.03,20.0,"foot,big"
half_cheetah,none,,3,18,3725.19,20.0,"foot,big"
half_cheetah,none,,3,19,1349.42,7.0,"foot,big"
half_cheetah,none,,3,20,2658.77,14.0,"foot,big"
half_cheetah,none,,3,21,3842.67,21.0,"foot,big"
half_cheetah,none,,3,23,1949.95,10.0,"foot,big"
half_cheetah,none,,3,22,3932.83,21.0,"foot,big"
half_cheetah,none,,3,24,3456.08,19.0,"foot,big"
half_cheetah,none,,3,25,4041.09,22.0,"foot,big"
half_cheetah,none,,3,26,1930.5,10.0,"foot,big"
half_cheetah,none,,3,27,2832.34,15.0,"foot,big"
half_cheetah,none,,3,28,4068.59,22.0,"foot,big"
half_cheetah,none,,3,29,3662.92,20.0,"foot,big"
half_cheetah,none,,4,1,2323.69,13.0,"foot,big"
half_cheetah,none,,4,0,2322.68,13.0,"foot,big"
half_cheetah,none,,4,2,2182.44,12.0,"foot,big"
half_cheetah,none,,4,3,2254.2,12.0,"foot,big"
half_cheetah,none,,4,4,2261.21,12.0,"foot,big"
half_cheetah,none,,4,5,2276.54,12.0,"foot,big"
half_cheetah,none,,4,6,2233.31,12.0,"foot,big"
half_cheetah,none,,4,7,2260.05,12.0,"foot,big"
half_cheetah,none,,4,9,2293.78,12.0,"foot,big"
half_cheetah,none,,4,8,2231.86,12.0,"foot,big"
half_cheetah,none,,4,10,2250.8,12.0,"foot,big"
half_cheetah,none,,4,11,2182.3,12.0,"foot,big"
half_cheetah,none,,4,12,2149.34,12.0,"foot,big"
half_cheetah,none,,4,13,2278.15,12.0,"foot,big"
half_cheetah,none,,4,14,2196.42,12.0,"foot,big"
half_cheetah,none,,4,15,2309.89,12.0,"foot,big"
half_cheetah,none,,4,17,2211.41,12.0,"foot,big"
half_cheetah,none,,4,16,2122.71,12.0,"foot,big"
half_cheetah,none,,4,18,2215.38,12.0,"foot,big"
half_cheetah,none,,4,19,2340.51,13.0,"foot,big"
half_cheetah,none,,4,20,2239.4,12.0,"foot,big"
half_cheetah,none,,4,21,2275.98,12.0,"foot,big"
half_cheetah,none,,4,22,2270.41,12.0,"foot,big"
half_cheetah,none,,4,23,2301.93,12.0,"foot,big"
half_cheetah,none,,4,25,2200.72,12.0,"foot,big"
half_cheetah,none,,4,24,2155.64,12.0,"foot,big"
half_cheetah,none,,4,26,2260.45,12.0,"foot,big"
half_cheetah,none,,4,27,2223.9,12.0,"foot,big"
half_cheetah,none,,4,28,2151.44,12.0,"foot,big"
half_cheetah,none,,4,29,2335.0,13.0,"foot,big"
half_cheetah,none,,0,0,3523.72,19.0,"foot,small"
half_cheetah,none,,0,1,3336.88,18.0,"foot,small"
half_cheetah,none,,0,2,3365.63,18.0,"foot,small"
half_cheetah,none,,0,3,3493.81,19.0,"foot,small"
half_cheetah,none,,0,4,3320.93,18.0,"foot,small"
half_cheetah,none,,0,5,3318.82,18.0,"foot,small"
half_cheetah,none,,0,6,3636.8,20.0,"foot,small"
half_cheetah,none,,0,7,3468.27,19.0,"foot,small"
half_cheetah,none,,0,9,3485.79,19.0,"foot,small"
half_cheetah,none,,0,8,3425.27,19.0,"foot,small"
half_cheetah,none,,0,10,3465.96,19.0,"foot,small"
half_cheetah,none,,0,11,3348.58,18.0,"foot,small"
half_cheetah,none,,0,12,3530.78,19.0,"foot,small"
half_cheetah,none,,0,13,3265.19,18.0,"foot,small"
half_cheetah,none,,0,14,3462.03,19.0,"foot,small"
half_cheetah,none,,0,15,3179.44,18.0,"foot,small"
half_cheetah,none,,0,16,3401.77,19.0,"foot,small"
half_cheetah,none,,0,17,3445.22,19.0,"foot,small"
half_cheetah,none,,0,19,3309.85,18.0,"foot,small"
half_cheetah,none,,0,18,3329.58,18.0,"foot,small"
half_cheetah,none,,0,20,3432.94,19.0,"foot,small"
half_cheetah,none,,0,21,3533.86,19.0,"foot,small"
half_cheetah,none,,0,23,3505.09,19.0,"foot,small"
half_cheetah,none,,0,22,3504.94,19.0,"foot,small"
half_cheetah,none,,0,24,3500.43,19.0,"foot,small"
half_cheetah,none,,0,25,3465.24,19.0,"foot,small"
half_cheetah,none,,0,26,3559.52,19.0,"foot,small"
half_cheetah,none,,0,27,3154.03,17.0,"foot,small"
half_cheetah,none,,1,0,592.758,3.0,"foot,small"
half_cheetah,none,,0,29,3581.91,20.0,"foot,small"
half_cheetah,none,,0,28,3573.85,19.0,"foot,small"
half_cheetah,none,,1,1,1657.96,9.0,"foot,small"
half_cheetah,none,,1,3,1877.32,10.0,"foot,small"
half_cheetah,none,,1,2,3198.88,17.0,"foot,small"
half_cheetah,none,,1,4,1702.22,9.0,"foot,small"
half_cheetah,none,,1,5,2865.68,16.0,"foot,small"
half_cheetah,none,,1,6,2654.83,15.0,"foot,small"
half_cheetah,none,,1,7,2873.87,16.0,"foot,small"
half_cheetah,none,,1,9,2980.29,16.0,"foot,small"
half_cheetah,none,,1,8,3092.47,17.0,"foot,small"
half_cheetah,none,,1,10,2956.61,16.0,"foot,small"
half_cheetah,none,,1,12,2359.67,13.0,"foot,small"
half_cheetah,none,,1,11,3042.14,17.0,"foot,small"
half_cheetah,none,,1,13,2896.75,16.0,"foot,small"
half_cheetah,none,,1,14,2931.85,16.0,"foot,small"
half_cheetah,none,,1,15,3122.92,17.0,"foot,small"
half_cheetah,none,,1,16,681.876,3.0,"foot,small"
half_cheetah,none,,1,17,3008.51,17.0,"foot,small"
half_cheetah,none,,1,18,2925.5,16.0,"foot,small"
half_cheetah,none,,1,19,2499.04,14.0,"foot,small"
half_cheetah,none,,1,20,2715.91,15.0,"foot,small"
half_cheetah,none,,1,21,2832.55,16.0,"foot,small"
half_cheetah,none,,1,22,1314.94,7.0,"foot,small"
half_cheetah,none,,1,23,3184.15,17.0,"foot,small"
half_cheetah,none,,1,24,1921.79,10.0,"foot,small"
half_cheetah,none,,1,25,3008.38,16.0,"foot,small"
half_cheetah,none,,1,26,3063.96,17.0,"foot,small"
half_cheetah,none,,1,27,2105.05,12.0,"foot,small"
half_cheetah,none,,1,28,2970.1,16.0,"foot,small"
half_cheetah,none,,1,29,2715.4,15.0,"foot,small"
half_cheetah,none,,2,0,3601.48,19.0,"foot,small"
half_cheetah,none,,2,1,3584.0,19.0,"foot,small"
half_cheetah,none,,2,2,3420.71,18.0,"foot,small"
half_cheetah,none,,2,3,3582.28,19.0,"foot,small"
half_cheetah,none,,2,4,3681.32,20.0,"foot,small"
half_cheetah,none,,2,5,3718.23,20.0,"foot,small"
half_cheetah,none,,2,7,3533.56,19.0,"foot,small"
half_cheetah,none,,2,6,3660.55,19.0,"foot,small"
half_cheetah,none,,2,8,3522.14,19.0,"foot,small"
half_cheetah,none,,2,9,3606.79,19.0,"foot,small"
half_cheetah,none,,2,10,3619.8,19.0,"foot,small"
half_cheetah,none,,2,12,3699.54,20.0,"foot,small"
half_cheetah,none,,2,11,3618.24,19.0,"foot,small"
half_cheetah,none,,2,14,3602.68,19.0,"foot,small"
half_cheetah,none,,2,13,3636.11,19.0,"foot,small"
half_cheetah,none,,2,17,3641.13,19.0,"foot,small"
half_cheetah,none,,2,15,3610.34,19.0,"foot,small"
half_cheetah,none,,2,16,3637.11,19.0,"foot,small"
half_cheetah,none,,2,19,3539.34,19.0,"foot,small"
half_cheetah,none,,2,18,3669.75,19.0,"foot,small"
half_cheetah,none,,2,20,3654.43,19.0,"foot,small"
half_cheetah,none,,2,21,3574.66,19.0,"foot,small"
half_cheetah,none,,2,23,3631.89,19.0,"foot,small"
half_cheetah,none,,2,22,3663.55,19.0,"foot,small"
half_cheetah,none,,2,24,3578.71,19.0,"foot,small"
half_cheetah,none,,2,26,3658.98,19.0,"foot,small"
half_cheetah,none,,2,25,3605.5,19.0,"foot,small"
half_cheetah,none,,2,27,3550.41,19.0,"foot,small"
half_cheetah,none,,2,28,3623.48,19.0,"foot,small"
half_cheetah,none,,3,0,3063.75,17.0,"foot,small"
half_cheetah,none,,2,29,3635.92,19.0,"foot,small"
half_cheetah,none,,3,3,3037.73,17.0,"foot,small"
half_cheetah,none,,3,1,2765.77,15.0,"foot,small"
half_cheetah,none,,3,2,2917.1,16.0,"foot,small"
half_cheetah,none,,3,4,2651.41,15.0,"foot,small"
half_cheetah,none,,3,5,2979.5,16.0,"foot,small"
half_cheetah,none,,3,7,3142.45,17.0,"foot,small"
half_cheetah,none,,3,6,2743.81,15.0,"foot,small"
half_cheetah,none,,3,9,2825.25,15.0,"foot,small"
half_cheetah,none,,3,8,3198.49,17.0,"foot,small"
half_cheetah,none,,3,10,2970.34,16.0,"foot,small"
half_cheetah,none,,3,11,3134.57,17.0,"foot,small"
half_cheetah,none,,3,12,2939.93,16.0,"foot,small"
half_cheetah,none,,3,14,3036.55,17.0,"foot,small"
half_cheetah,none,,3,16,3063.66,17.0,"foot,small"
half_cheetah,none,,3,13,2931.55,16.0,"foot,small"
half_cheetah,none,,3,15,2982.64,16.0,"foot,small"
half_cheetah,none,,3,17,3004.21,16.0,"foot,small"
half_cheetah,none,,3,19,2813.29,15.0,"foot,small"
half_cheetah,none,,3,18,3101.25,17.0,"foot,small"
half_cheetah,none,,3,20,3134.67,17.0,"foot,small"
half_cheetah,none,,3,21,3010.06,16.0,"foot,small"
half_cheetah,none,,3,23,3231.24,17.0,"foot,small"
half_cheetah,none,,3,22,3107.32,17.0,"foot,small"
half_cheetah,none,,3,24,3076.15,17.0,"foot,small"
half_cheetah,none,,3,25,2945.12,16.0,"foot,small"
half_cheetah,none,,3,26,2422.51,13.0,"foot,small"
half_cheetah,none,,3,27,3001.63,16.0,"foot,small"
half_cheetah,none,,3,28,3287.65,18.0,"foot,small"
half_cheetah,none,,4,0,412.09,3.0,"foot,small"
half_cheetah,none,,3,29,2989.06,16.0,"foot,small"
half_cheetah,none,,4,1,2137.2,12.0,"foot,small"
half_cheetah,none,,4,2,2281.44,12.0,"foot,small"
half_cheetah,none,,4,3,624.468,4.0,"foot,small"
half_cheetah,none,,4,4,-123.867,0.0,"foot,small"
half_cheetah,none,,4,5,2220.5,12.0,"foot,small"
half_cheetah,none,,4,6,37.5967,1.0,"foot,small"
half_cheetah,none,,4,7,1872.64,10.0,"foot,small"
half_cheetah,none,,4,9,-146.879,0.0,"foot,small"
half_cheetah,none,,4,8,2019.71,11.0,"foot,small"
half_cheetah,none,,4,10,468.899,3.0,"foot,small"
half_cheetah,none,,4,11,2038.68,11.0,"foot,small"
half_cheetah,none,,4,12,1088.78,6.0,"foot,small"
half_cheetah,none,,4,13,2383.55,13.0,"foot,small"
half_cheetah,none,,4,14,1511.5,8.0,"foot,small"
half_cheetah,none,,4,17,2033.52,11.0,"foot,small"
half_cheetah,none,,4,16,247.515,2.0,"foot,small"
half_cheetah,none,,4,15,553.125,4.0,"foot,small"
half_cheetah,none,,4,18,-146.118,0.0,"foot,small"
half_cheetah,none,,4,19,783.162,5.0,"foot,small"
half_cheetah,none,,4,20,866.523,5.0,"foot,small"
half_cheetah,none,,4,21,492.511,4.0,"foot,small"
half_cheetah,none,,4,22,2262.89,12.0,"foot,small"
half_cheetah,none,,4,23,315.273,2.0,"foot,small"
half_cheetah,none,,4,25,-97.6037,1.0,"foot,small"
half_cheetah,none,,4,24,230.829,2.0,"foot,small"
half_cheetah,none,,4,26,2262.87,12.0,"foot,small"
half_cheetah,none,,4,27,459.339,3.0,"foot,small"
half_cheetah,none,,4,28,2177.49,12.0,"foot,small"
half_cheetah,none,,4,29,1541.0,8.0,"foot,small"
